Change Component Designator: OldDesignator=C14 NewDesignator=C20
Change Component Designator: OldDesignator=C15 NewDesignator=C14
Change Component Designator: OldDesignator=C16 NewDesignator=C15
Change Component Designator: OldDesignator=C17 NewDesignator=C16
Change Component Designator: OldDesignator=C18 NewDesignator=C17
Change Component Designator: OldDesignator=C19 NewDesignator=C18
Change Component Designator: OldDesignator=C20 NewDesignator=C19
Change Component Designator: OldDesignator=C21 NewDesignator=C22
Change Component Designator: OldDesignator=C22 NewDesignator=C23
Change Component Designator: OldDesignator=C23 NewDesignator=C21
Change Component Designator: OldDesignator=C27 NewDesignator=C28
Change Component Designator: OldDesignator=C28 NewDesignator=C27
Change Component Designator: OldDesignator=J2 NewDesignator=J3
Change Component Designator: OldDesignator=J3 NewDesignator=J2
Change Component Designator: OldDesignator=R3 NewDesignator=R4
Change Component Designator: OldDesignator=R4 NewDesignator=R5
Change Component Designator: OldDesignator=R5 NewDesignator=R6
Change Component Designator: OldDesignator=R6 NewDesignator=R7
Change Component Designator: OldDesignator=R7 NewDesignator=R8
Change Component Designator: OldDesignator=R8 NewDesignator=R9
Change Component Designator: OldDesignator=R9 NewDesignator=R10
Change Component Designator: OldDesignator=R10 NewDesignator=R11
Change Component Designator: OldDesignator=R11 NewDesignator=R12
Change Component Designator: OldDesignator=R12 NewDesignator=R13
Change Component Designator: OldDesignator=R13 NewDesignator=R14
Change Component Designator: OldDesignator=R14 NewDesignator=R15
Change Component Designator: OldDesignator=R15 NewDesignator=R16
Change Component Designator: OldDesignator=R16 NewDesignator=R17
Change Component Designator: OldDesignator=R17 NewDesignator=R18
Change Component Designator: OldDesignator=R18 NewDesignator=R19
Change Component Designator: OldDesignator=R19 NewDesignator=R20
Change Component Designator: OldDesignator=R20 NewDesignator=R21
Change Component Designator: OldDesignator=R21 NewDesignator=R22
Change Component Designator: OldDesignator=R22 NewDesignator=R23
Change Component Designator: OldDesignator=R23 NewDesignator=R24
Change Component Designator: OldDesignator=R24 NewDesignator=R25
Change Component Designator: OldDesignator=R25 NewDesignator=R27
Change Component Designator: OldDesignator=R26 NewDesignator=R28
Change Component Designator: OldDesignator=R27 NewDesignator=R29
Change Component Designator: OldDesignator=R28 NewDesignator=R30
Change Component Designator: OldDesignator=R29 NewDesignator=R31
Change Component Designator: OldDesignator=R30 NewDesignator=R32
Change Component Designator: OldDesignator=R31 NewDesignator=R33
Change Component Designator: OldDesignator=R32 NewDesignator=R34
Change Component Designator: OldDesignator=R33 NewDesignator=R35
Change Component Designator: OldDesignator=R34 NewDesignator=R36
Change Component Designator: OldDesignator=R35 NewDesignator=R37
Change Component Designator: OldDesignator=R36 NewDesignator=R38
Change Component Designator: OldDesignator=R37 NewDesignator=R39
Change Component Designator: OldDesignator=R38 NewDesignator=R40
Change Component Designator: OldDesignator=R39 NewDesignator=R41
Change Component Designator: OldDesignator=R40 NewDesignator=R42
Change Component Designator: OldDesignator=R41 NewDesignator=R43
Change Component Designator: OldDesignator=R42 NewDesignator=R44
Change Component Designator: OldDesignator=R43 NewDesignator=R45
Change Component Designator: OldDesignator=R44 NewDesignator=R46
Change Component Designator: OldDesignator=R45 NewDesignator=R47
Change Component Designator: OldDesignator=R46 NewDesignator=R48
Change Component Designator: OldDesignator=R47 NewDesignator=R49
Change Component Designator: OldDesignator=R48 NewDesignator=R50
Change Component Designator: OldDesignator=R49 NewDesignator=R51
Change Component Designator: OldDesignator=R50 NewDesignator=R52
Change Component Designator: OldDesignator=R51 NewDesignator=R3
Change Component Designator: OldDesignator=R52 NewDesignator=R26
Change Component Designator: OldDesignator=U5 NewDesignator=U4
Change Component Designator: OldDesignator=U6 NewDesignator=U5
Change Component Designator: OldDesignator=U7 NewDesignator=U6
Change Component Designator: OldDesignator=U8 NewDesignator=U7
Change Component Designator: OldDesignator=U9 NewDesignator=U8
Change Component Designator: OldDesignator=U10 NewDesignator=U9
Change Managed Component Library Link : Designator=J2 Old VaultGUID= New VaultGUID=B7D15EC3-160A-466F-A46C-7801FE6295A7 Old ItemGUID= New ItemGUID=44E6D58A-8363-47A0-887A-CDF95837D655 Old RevisionGUID= New RevisionGUID=3EB1132D-CCBD-444E-9C62-3BB145295D9D
Change component parameters: Designator = "C1" ("C1"); Footprint = "FP-GRM155-0_05-MFG"; UniqueID = "\QTRBLCJR" ("\QTRBLCJR")
Change component parameters (AddParameter): Name = "Add into BOM"; Value = "yes"; VariantName = "[No Variations]"
Change component parameters (AddParameter): Name = "Channel ID"; Value = ""; VariantName = "[No Variations]"
Change component parameters (AddParameter): Name = "Convert to PCB"; Value = "yes"; VariantName = "[No Variations]"
Change component parameters (AddParameter): Name = "Datasheet"; Value = "https://item.szlcsc.com/datasheet/UUG1J101MNQ1MS/7537320.html"; VariantName = "[No Variations]"
Change component parameters (AddParameter): Name = "Device"; Value = "UUG1J101MNQ1MS"; VariantName = "[No Variations]"
Change component parameters (AddParameter): Name = "Diameter"; Value = "12.5mm"; VariantName = "[No Variations]"
Change component parameters (AddParameter): Name = "Group ID"; Value = ""; VariantName = "[No Variations]"
Change component parameters (AddParameter): Name = "Height - Seated (Max)"; Value = "14.5mm"; VariantName = "[No Variations]"
Change component parameters (AddParameter): Name = "JLCPCB Part Class"; Value = "Extended Part"; VariantName = "[No Variations]"
Change component parameters (AddParameter): Name = "LCSC Part Name"; Value = "100uF ±20% 63V"; VariantName = "[No Variations]"
Change component parameters (AddParameter): Name = "Lifetime"; Value = "2000hrs@85?"; VariantName = "[No Variations]"
Change component parameters (AddParameter): Name = "Manufacturer"; Value = "Nichicon(???)"; VariantName = "[No Variations]"
Change component parameters (AddParameter): Name = "Manufacturer Part"; Value = "UUG1J101MNQ1MS"; VariantName = "[No Variations]"
Change component parameters (AddParameter): Name = "Operating Temperature"; Value = "-40?~+85?"; VariantName = "[No Variations]"
Change component parameters (AddParameter): Name = "Reuse Block"; Value = ""; VariantName = "[No Variations]"
Change component parameters (AddParameter): Name = "Ripple Current"; Value = "370mA@120Hz"; VariantName = "[No Variations]"
Change component parameters (AddParameter): Name = "Supplier"; Value = "LCSC"; VariantName = "[No Variations]"
Change component parameters (AddParameter): Name = "Supplier Footprint"; Value = "SMD,D12.5xL14.5mm"; VariantName = "[No Variations]"
Change component parameters (AddParameter): Name = "Supplier Part"; Value = ""; VariantName = "[No Variations]"
Change component parameters (AddParameter): Name = "Symbol"; Value = "UUG1J101MNQ1MS"; VariantName = "[No Variations]"
Change component parameters (AddParameter): Name = "Tolerance"; Value = "±20%"; VariantName = "[No Variations]"
Change component parameters (AddParameter): Name = "Value"; Value = "33?F"; VariantName = "[No Variations]"
Change component parameters (AddParameter): Name = "Voltage Rating"; Value = "63V"; VariantName = "[No Variations]"
Change component parameters: Designator = "C2" ("C2"); Footprint = "CAPC2012X145N"; UniqueID = "\AHXNDCGT" ("\AHXNDCGT")
Change component parameters (AddParameter): Name = "Add into BOM"; Value = "yes"; VariantName = "[No Variations]"
Change component parameters (AddParameter): Name = "Channel ID"; Value = ""; VariantName = "[No Variations]"
Change component parameters (AddParameter): Name = "Convert to PCB"; Value = "yes"; VariantName = "[No Variations]"
Change component parameters (AddParameter): Name = "Datasheet"; Value = "https://item.szlcsc.com/datasheet/UUG1J101MNQ1MS/7537320.html"; VariantName = "[No Variations]"
Change component parameters (AddParameter): Name = "Device"; Value = "UUG1J101MNQ1MS"; VariantName = "[No Variations]"
Change component parameters (AddParameter): Name = "Diameter"; Value = "12.5mm"; VariantName = "[No Variations]"
Change component parameters (AddParameter): Name = "Group ID"; Value = ""; VariantName = "[No Variations]"
Change component parameters (AddParameter): Name = "Height - Seated (Max)"; Value = "14.5mm"; VariantName = "[No Variations]"
Change component parameters (AddParameter): Name = "JLCPCB Part Class"; Value = "Extended Part"; VariantName = "[No Variations]"
Change component parameters (AddParameter): Name = "LCSC Part Name"; Value = "100uF ±20% 63V"; VariantName = "[No Variations]"
Change component parameters (AddParameter): Name = "Lifetime"; Value = "2000hrs@85?"; VariantName = "[No Variations]"
Change component parameters (AddParameter): Name = "Manufacturer"; Value = "Nichicon(???)"; VariantName = "[No Variations]"
Change component parameters (AddParameter): Name = "Manufacturer Part"; Value = "UUG1J101MNQ1MS"; VariantName = "[No Variations]"
Change component parameters (AddParameter): Name = "Operating Temperature"; Value = "-40?~+85?"; VariantName = "[No Variations]"
Change component parameters (AddParameter): Name = "Reuse Block"; Value = ""; VariantName = "[No Variations]"
Change component parameters (AddParameter): Name = "Ripple Current"; Value = "370mA@120Hz"; VariantName = "[No Variations]"
Change component parameters (AddParameter): Name = "Supplier"; Value = "LCSC"; VariantName = "[No Variations]"
Change component parameters (AddParameter): Name = "Supplier Footprint"; Value = "SMD,D12.5xL14.5mm"; VariantName = "[No Variations]"
Change component parameters (AddParameter): Name = "Supplier Part"; Value = ""; VariantName = "[No Variations]"
Change component parameters (AddParameter): Name = "Symbol"; Value = "UUG1J101MNQ1MS"; VariantName = "[No Variations]"
Change component parameters (AddParameter): Name = "Tolerance"; Value = "±20%"; VariantName = "[No Variations]"
Change component parameters (AddParameter): Name = "Value"; Value = "33?F"; VariantName = "[No Variations]"
Change component parameters (AddParameter): Name = "Voltage Rating"; Value = "63V"; VariantName = "[No Variations]"
Change component parameters: Designator = "C3" ("C3"); Footprint = "FP-GRM32-MFG"; UniqueID = "\FWCWMDXX" ("\FWCWMDXX")
Change component parameters (AddParameter): Name = "CPAR"; Value = ""; VariantName = "[No Variations]"
Change component parameters (AddParameter): Name = "LSER"; Value = ""; VariantName = "[No Variations]"
Change component parameters (AddParameter): Name = "RLSHUNT"; Value = ""; VariantName = "[No Variations]"
Change component parameters (AddParameter): Name = "RPAR"; Value = ""; VariantName = "[No Variations]"
Change component parameters (AddParameter): Name = "RSER"; Value = ""; VariantName = "[No Variations]"
Change component parameters (AddParameter): Name = "SimulationGenericComponent"; Value = "True"; VariantName = "[No Variations]"
Change component parameters (AddParameter): Name = "TEMP"; Value = ""; VariantName = "[No Variations]"
Change component parameters (AddParameter): Name = "Value"; Value = "22uF"; VariantName = "[No Variations]"
Change component parameters: Designator = "C4" ("C4"); Footprint = "FP-GRM32-MFG"; UniqueID = "\JHTPOUFK" ("\JHTPOUFK")
Change component parameters (AddParameter): Name = "CPAR"; Value = ""; VariantName = "[No Variations]"
Change component parameters (AddParameter): Name = "LSER"; Value = ""; VariantName = "[No Variations]"
Change component parameters (AddParameter): Name = "RLSHUNT"; Value = ""; VariantName = "[No Variations]"
Change component parameters (AddParameter): Name = "RPAR"; Value = ""; VariantName = "[No Variations]"
Change component parameters (AddParameter): Name = "RSER"; Value = ""; VariantName = "[No Variations]"
Change component parameters (AddParameter): Name = "SimulationGenericComponent"; Value = "True"; VariantName = "[No Variations]"
Change component parameters (AddParameter): Name = "TEMP"; Value = ""; VariantName = "[No Variations]"
Change component parameters (AddParameter): Name = "Value"; Value = "22uF"; VariantName = "[No Variations]"
Change component parameters: Designator = "C5" ("C5"); Footprint = "FP-GRM155-0_05-MFG"; UniqueID = "\ZCMSKTKT" ("\ZCMSKTKT")
Change component parameters (AddParameter): Name = "CPAR"; Value = ""; VariantName = "[No Variations]"
Change component parameters (AddParameter): Name = "LSER"; Value = ""; VariantName = "[No Variations]"
Change component parameters (AddParameter): Name = "RLSHUNT"; Value = ""; VariantName = "[No Variations]"
Change component parameters (AddParameter): Name = "RPAR"; Value = ""; VariantName = "[No Variations]"
Change component parameters (AddParameter): Name = "RSER"; Value = ""; VariantName = "[No Variations]"
Change component parameters (AddParameter): Name = "SimulationGenericComponent"; Value = "True"; VariantName = "[No Variations]"
Change component parameters (AddParameter): Name = "TEMP"; Value = ""; VariantName = "[No Variations]"
Change component parameters (AddParameter): Name = "Value"; Value = "47nF"; VariantName = "[No Variations]"
Change component parameters: Designator = "C6" ("C6"); Footprint = "FP-GRM32-MFG"; UniqueID = "\WAVNDWNF" ("\WAVNDWNF")
Change component parameters (AddParameter): Name = "CPAR"; Value = ""; VariantName = "[No Variations]"
Change component parameters (AddParameter): Name = "LSER"; Value = ""; VariantName = "[No Variations]"
Change component parameters (AddParameter): Name = "RLSHUNT"; Value = ""; VariantName = "[No Variations]"
Change component parameters (AddParameter): Name = "RPAR"; Value = ""; VariantName = "[No Variations]"
Change component parameters (AddParameter): Name = "RSER"; Value = ""; VariantName = "[No Variations]"
Change component parameters (AddParameter): Name = "SimulationGenericComponent"; Value = "True"; VariantName = "[No Variations]"
Change component parameters (AddParameter): Name = "TEMP"; Value = ""; VariantName = "[No Variations]"
Change component parameters (AddParameter): Name = "Value"; Value = "22uF"; VariantName = "[No Variations]"
Change component parameters: Designator = "C7" ("C7"); Footprint = "FP-GRM32-MFG"; UniqueID = "\TSHAZPMA" ("\TSHAZPMA")
Change component parameters (AddParameter): Name = "CPAR"; Value = ""; VariantName = "[No Variations]"
Change component parameters (AddParameter): Name = "LSER"; Value = ""; VariantName = "[No Variations]"
Change component parameters (AddParameter): Name = "RLSHUNT"; Value = ""; VariantName = "[No Variations]"
Change component parameters (AddParameter): Name = "RPAR"; Value = ""; VariantName = "[No Variations]"
Change component parameters (AddParameter): Name = "RSER"; Value = ""; VariantName = "[No Variations]"
Change component parameters (AddParameter): Name = "SimulationGenericComponent"; Value = "True"; VariantName = "[No Variations]"
Change component parameters (AddParameter): Name = "TEMP"; Value = ""; VariantName = "[No Variations]"
Change component parameters (AddParameter): Name = "Value"; Value = "22uF"; VariantName = "[No Variations]"
Change component parameters: Designator = "C8" ("C8"); Footprint = "CAPC1608X95N"; UniqueID = "\FCYALMXP" ("\FCYALMXP")
Change component parameters (AddParameter): Name = "CPAR"; Value = ""; VariantName = "[No Variations]"
Change component parameters (AddParameter): Name = "LSER"; Value = ""; VariantName = "[No Variations]"
Change component parameters (AddParameter): Name = "RLSHUNT"; Value = ""; VariantName = "[No Variations]"
Change component parameters (AddParameter): Name = "RPAR"; Value = ""; VariantName = "[No Variations]"
Change component parameters (AddParameter): Name = "RSER"; Value = ""; VariantName = "[No Variations]"
Change component parameters (AddParameter): Name = "SimulationGenericComponent"; Value = "True"; VariantName = "[No Variations]"
Change component parameters (AddParameter): Name = "TEMP"; Value = ""; VariantName = "[No Variations]"
Change component parameters (AddParameter): Name = "Value"; Value = "4.7?F"; VariantName = "[No Variations]"
Change component parameters: Designator = "C9" ("C9"); Footprint = "CAPC1608X95N"; UniqueID = "\FSLIVFEI" ("\FSLIVFEI")
Change component parameters (AddParameter): Name = "CPAR"; Value = ""; VariantName = "[No Variations]"
Change component parameters (AddParameter): Name = "LSER"; Value = ""; VariantName = "[No Variations]"
Change component parameters (AddParameter): Name = "RLSHUNT"; Value = ""; VariantName = "[No Variations]"
Change component parameters (AddParameter): Name = "RPAR"; Value = ""; VariantName = "[No Variations]"
Change component parameters (AddParameter): Name = "RSER"; Value = ""; VariantName = "[No Variations]"
Change component parameters (AddParameter): Name = "SimulationGenericComponent"; Value = "True"; VariantName = "[No Variations]"
Change component parameters (AddParameter): Name = "TEMP"; Value = ""; VariantName = "[No Variations]"
Change component parameters (AddParameter): Name = "Value"; Value = "4.7?F"; VariantName = "[No Variations]"
Change component parameters: Designator = "C10" ("C10"); Footprint = "FP-GRM32-MFG"; UniqueID = "\DZFRKSRG" ("\DZFRKSRG")
Change component parameters (AddParameter): Name = "CPAR"; Value = ""; VariantName = "[No Variations]"
Change component parameters (AddParameter): Name = "LSER"; Value = ""; VariantName = "[No Variations]"
Change component parameters (AddParameter): Name = "RLSHUNT"; Value = ""; VariantName = "[No Variations]"
Change component parameters (AddParameter): Name = "RPAR"; Value = ""; VariantName = "[No Variations]"
Change component parameters (AddParameter): Name = "RSER"; Value = ""; VariantName = "[No Variations]"
Change component parameters (AddParameter): Name = "SimulationGenericComponent"; Value = "True"; VariantName = "[No Variations]"
Change component parameters (AddParameter): Name = "TEMP"; Value = ""; VariantName = "[No Variations]"
Change component parameters (AddParameter): Name = "Value"; Value = "22uF"; VariantName = "[No Variations]"
Change component parameters: Designator = "C11" ("C11"); Footprint = "FP-GRM32-MFG"; UniqueID = "\JIJDUAJI" ("\JIJDUAJI")
Change component parameters (AddParameter): Name = "CPAR"; Value = ""; VariantName = "[No Variations]"
Change component parameters (AddParameter): Name = "LSER"; Value = ""; VariantName = "[No Variations]"
Change component parameters (AddParameter): Name = "RLSHUNT"; Value = ""; VariantName = "[No Variations]"
Change component parameters (AddParameter): Name = "RPAR"; Value = ""; VariantName = "[No Variations]"
Change component parameters (AddParameter): Name = "RSER"; Value = ""; VariantName = "[No Variations]"
Change component parameters (AddParameter): Name = "SimulationGenericComponent"; Value = "True"; VariantName = "[No Variations]"
Change component parameters (AddParameter): Name = "TEMP"; Value = ""; VariantName = "[No Variations]"
Change component parameters (AddParameter): Name = "Value"; Value = "10uF"; VariantName = "[No Variations]"
Change component parameters: Designator = "C12" ("C12"); Footprint = "FP-GRM32-MFG"; UniqueID = "\SLFTTSPK" ("\SLFTTSPK")
Change component parameters (AddParameter): Name = "CPAR"; Value = ""; VariantName = "[No Variations]"
Change component parameters (AddParameter): Name = "LSER"; Value = ""; VariantName = "[No Variations]"
Change component parameters (AddParameter): Name = "RLSHUNT"; Value = ""; VariantName = "[No Variations]"
Change component parameters (AddParameter): Name = "RPAR"; Value = ""; VariantName = "[No Variations]"
Change component parameters (AddParameter): Name = "RSER"; Value = ""; VariantName = "[No Variations]"
Change component parameters (AddParameter): Name = "SimulationGenericComponent"; Value = "True"; VariantName = "[No Variations]"
Change component parameters (AddParameter): Name = "TEMP"; Value = ""; VariantName = "[No Variations]"
Change component parameters (AddParameter): Name = "Value"; Value = "10uF"; VariantName = "[No Variations]"
Change component parameters: Designator = "C13" ("C13"); Footprint = "CAPC1608X90N"; UniqueID = "\FQDPDOQW" ("\FQDPDOQW")
Change component parameters (AddParameter): Name = "CPAR"; Value = ""; VariantName = "[No Variations]"
Change component parameters (AddParameter): Name = "LSER"; Value = ""; VariantName = "[No Variations]"
Change component parameters (AddParameter): Name = "RLSHUNT"; Value = ""; VariantName = "[No Variations]"
Change component parameters (AddParameter): Name = "RPAR"; Value = ""; VariantName = "[No Variations]"
Change component parameters (AddParameter): Name = "RSER"; Value = ""; VariantName = "[No Variations]"
Change component parameters (AddParameter): Name = "SimulationGenericComponent"; Value = "True"; VariantName = "[No Variations]"
Change component parameters (AddParameter): Name = "TEMP"; Value = ""; VariantName = "[No Variations]"
Change component parameters (AddParameter): Name = "Value"; Value = "1uF"; VariantName = "[No Variations]"
Change component parameters: Designator = "C14" ("C14"); Footprint = "CAPMP7.6X4.3_3.1N_KEM"; UniqueID = "\JRWJLYUF" ("\JRWJLYUF")
Change component parameters (AddParameter): Name = "Add into BOM"; Value = "yes"; VariantName = "[No Variations]"
Change component parameters (AddParameter): Name = "Channel ID"; Value = ""; VariantName = "[No Variations]"
Change component parameters (AddParameter): Name = "Convert to PCB"; Value = "yes"; VariantName = "[No Variations]"
Change component parameters (AddParameter): Name = "Datasheet"; Value = "https://item.szlcsc.com/datasheet/UUG1J101MNQ1MS/7537320.html"; VariantName = "[No Variations]"
Change component parameters (AddParameter): Name = "Device"; Value = "UUG1J101MNQ1MS"; VariantName = "[No Variations]"
Change component parameters (AddParameter): Name = "Diameter"; Value = "12.5mm"; VariantName = "[No Variations]"
Change component parameters (AddParameter): Name = "Group ID"; Value = ""; VariantName = "[No Variations]"
Change component parameters (AddParameter): Name = "Height - Seated (Max)"; Value = "14.5mm"; VariantName = "[No Variations]"
Change component parameters (AddParameter): Name = "JLCPCB Part Class"; Value = "Extended Part"; VariantName = "[No Variations]"
Change component parameters (AddParameter): Name = "LCSC Part Name"; Value = "100uF ±20% 63V"; VariantName = "[No Variations]"
Change component parameters (AddParameter): Name = "Lifetime"; Value = "2000hrs@85?"; VariantName = "[No Variations]"
Change component parameters (AddParameter): Name = "Manufacturer"; Value = "Nichicon(???)"; VariantName = "[No Variations]"
Change component parameters (AddParameter): Name = "Manufacturer Part"; Value = "UUG1J101MNQ1MS"; VariantName = "[No Variations]"
Change component parameters (AddParameter): Name = "Operating Temperature"; Value = "-40?~+85?"; VariantName = "[No Variations]"
Change component parameters (AddParameter): Name = "Reuse Block"; Value = ""; VariantName = "[No Variations]"
Change component parameters (AddParameter): Name = "Ripple Current"; Value = "370mA@120Hz"; VariantName = "[No Variations]"
Change component parameters (AddParameter): Name = "Supplier"; Value = "LCSC"; VariantName = "[No Variations]"
Change component parameters (AddParameter): Name = "Supplier Footprint"; Value = "SMD,D12.5xL14.5mm"; VariantName = "[No Variations]"
Change component parameters (AddParameter): Name = "Supplier Part"; Value = ""; VariantName = "[No Variations]"
Change component parameters (AddParameter): Name = "Symbol"; Value = "UUG1J101MNQ1MS"; VariantName = "[No Variations]"
Change component parameters (AddParameter): Name = "Tolerance"; Value = "±20%"; VariantName = "[No Variations]"
Change component parameters (AddParameter): Name = "Value"; Value = "33?F"; VariantName = "[No Variations]"
Change component parameters (AddParameter): Name = "Voltage Rating"; Value = "63V"; VariantName = "[No Variations]"
Change component parameters: Designator = "C15" ("C15"); Footprint = "FP-GRM155-0_05-MFG"; UniqueID = "\NLJLTCNP" ("\NLJLTCNP")
Change component parameters (AddParameter): Name = "Add into BOM"; Value = "yes"; VariantName = "[No Variations]"
Change component parameters (AddParameter): Name = "Channel ID"; Value = ""; VariantName = "[No Variations]"
Change component parameters (AddParameter): Name = "Convert to PCB"; Value = "yes"; VariantName = "[No Variations]"
Change component parameters (AddParameter): Name = "Datasheet"; Value = "https://item.szlcsc.com/datasheet/UUG1J101MNQ1MS/7537320.html"; VariantName = "[No Variations]"
Change component parameters (AddParameter): Name = "Device"; Value = "UUG1J101MNQ1MS"; VariantName = "[No Variations]"
Change component parameters (AddParameter): Name = "Diameter"; Value = "12.5mm"; VariantName = "[No Variations]"
Change component parameters (AddParameter): Name = "Group ID"; Value = ""; VariantName = "[No Variations]"
Change component parameters (AddParameter): Name = "Height - Seated (Max)"; Value = "14.5mm"; VariantName = "[No Variations]"
Change component parameters (AddParameter): Name = "JLCPCB Part Class"; Value = "Extended Part"; VariantName = "[No Variations]"
Change component parameters (AddParameter): Name = "LCSC Part Name"; Value = "100uF ±20% 63V"; VariantName = "[No Variations]"
Change component parameters (AddParameter): Name = "Lifetime"; Value = "2000hrs@85?"; VariantName = "[No Variations]"
Change component parameters (AddParameter): Name = "Manufacturer"; Value = "Nichicon(???)"; VariantName = "[No Variations]"
Change component parameters (AddParameter): Name = "Manufacturer Part"; Value = "UUG1J101MNQ1MS"; VariantName = "[No Variations]"
Change component parameters (AddParameter): Name = "Operating Temperature"; Value = "-40?~+85?"; VariantName = "[No Variations]"
Change component parameters (AddParameter): Name = "Reuse Block"; Value = ""; VariantName = "[No Variations]"
Change component parameters (AddParameter): Name = "Ripple Current"; Value = "370mA@120Hz"; VariantName = "[No Variations]"
Change component parameters (AddParameter): Name = "Supplier"; Value = "LCSC"; VariantName = "[No Variations]"
Change component parameters (AddParameter): Name = "Supplier Footprint"; Value = "SMD,D12.5xL14.5mm"; VariantName = "[No Variations]"
Change component parameters (AddParameter): Name = "Supplier Part"; Value = ""; VariantName = "[No Variations]"
Change component parameters (AddParameter): Name = "Symbol"; Value = "UUG1J101MNQ1MS"; VariantName = "[No Variations]"
Change component parameters (AddParameter): Name = "Tolerance"; Value = "±20%"; VariantName = "[No Variations]"
Change component parameters (AddParameter): Name = "Value"; Value = "0.1?F"; VariantName = "[No Variations]"
Change component parameters (AddParameter): Name = "Voltage Rating"; Value = "63V"; VariantName = "[No Variations]"
Change component parameters: Designator = "C16" ("C16"); Footprint = "FP-CL10-IPC_B"; UniqueID = "\DYREKPLL" ("\DYREKPLL")
Change component parameters (AddParameter): Name = "CPAR"; Value = ""; VariantName = "[No Variations]"
Change component parameters (AddParameter): Name = "LSER"; Value = ""; VariantName = "[No Variations]"
Change component parameters (AddParameter): Name = "RLSHUNT"; Value = ""; VariantName = "[No Variations]"
Change component parameters (AddParameter): Name = "RPAR"; Value = ""; VariantName = "[No Variations]"
Change component parameters (AddParameter): Name = "RSER"; Value = ""; VariantName = "[No Variations]"
Change component parameters (AddParameter): Name = "SimulationGenericComponent"; Value = "True"; VariantName = "[No Variations]"
Change component parameters (AddParameter): Name = "TEMP"; Value = ""; VariantName = "[No Variations]"
Change component parameters (AddParameter): Name = "Value"; Value = "4.7?"; VariantName = "[No Variations]"
Change component parameters: Designator = "C17" ("C17"); Footprint = "FP-CL10-IPC_B"; UniqueID = "\TNMXPCPZ" ("\TNMXPCPZ")
Change component parameters (AddParameter): Name = "CPAR"; Value = ""; VariantName = "[No Variations]"
Change component parameters (AddParameter): Name = "LSER"; Value = ""; VariantName = "[No Variations]"
Change component parameters (AddParameter): Name = "RLSHUNT"; Value = ""; VariantName = "[No Variations]"
Change component parameters (AddParameter): Name = "RPAR"; Value = ""; VariantName = "[No Variations]"
Change component parameters (AddParameter): Name = "RSER"; Value = ""; VariantName = "[No Variations]"
Change component parameters (AddParameter): Name = "SimulationGenericComponent"; Value = "True"; VariantName = "[No Variations]"
Change component parameters (AddParameter): Name = "TEMP"; Value = ""; VariantName = "[No Variations]"
Change component parameters (AddParameter): Name = "Value"; Value = "4.7?"; VariantName = "[No Variations]"
Change component parameters: Designator = "C18" ("C18"); Footprint = "FP-GRM155-0_05-MFG"; UniqueID = "\IARVSJHE" ("\IARVSJHE")
Change component parameters (AddParameter): Name = "CPAR"; Value = ""; VariantName = "[No Variations]"
Change component parameters (AddParameter): Name = "LSER"; Value = ""; VariantName = "[No Variations]"
Change component parameters (AddParameter): Name = "RLSHUNT"; Value = ""; VariantName = "[No Variations]"
Change component parameters (AddParameter): Name = "RPAR"; Value = ""; VariantName = "[No Variations]"
Change component parameters (AddParameter): Name = "RSER"; Value = ""; VariantName = "[No Variations]"
Change component parameters (AddParameter): Name = "SimulationGenericComponent"; Value = "True"; VariantName = "[No Variations]"
Change component parameters (AddParameter): Name = "TEMP"; Value = ""; VariantName = "[No Variations]"
Change component parameters (AddParameter): Name = "Value"; Value = "47nF"; VariantName = "[No Variations]"
Change component parameters: Designator = "C19" ("C19"); Footprint = "FP-CL10-IPC_B"; UniqueID = "\OZMMLCTV" ("\OZMMLCTV")
Change component parameters (AddParameter): Name = "CPAR"; Value = ""; VariantName = "[No Variations]"
Change component parameters (AddParameter): Name = "LSER"; Value = ""; VariantName = "[No Variations]"
Change component parameters (AddParameter): Name = "RLSHUNT"; Value = ""; VariantName = "[No Variations]"
Change component parameters (AddParameter): Name = "RPAR"; Value = ""; VariantName = "[No Variations]"
Change component parameters (AddParameter): Name = "RSER"; Value = ""; VariantName = "[No Variations]"
Change component parameters (AddParameter): Name = "SimulationGenericComponent"; Value = "True"; VariantName = "[No Variations]"
Change component parameters (AddParameter): Name = "TEMP"; Value = ""; VariantName = "[No Variations]"
Change component parameters (AddParameter): Name = "Value"; Value = "4.7?"; VariantName = "[No Variations]"
Change component parameters: Designator = "C20" ("C20"); Footprint = "FP-GRM32-MFG"; UniqueID = "\OYSYQQJP" ("\OYSYQQJP")
Change component parameters (AddParameter): Name = "CPAR"; Value = ""; VariantName = "[No Variations]"
Change component parameters (AddParameter): Name = "LSER"; Value = ""; VariantName = "[No Variations]"
Change component parameters (AddParameter): Name = "RLSHUNT"; Value = ""; VariantName = "[No Variations]"
Change component parameters (AddParameter): Name = "RPAR"; Value = ""; VariantName = "[No Variations]"
Change component parameters (AddParameter): Name = "RSER"; Value = ""; VariantName = "[No Variations]"
Change component parameters (AddParameter): Name = "SimulationGenericComponent"; Value = "True"; VariantName = "[No Variations]"
Change component parameters (AddParameter): Name = "TEMP"; Value = ""; VariantName = "[No Variations]"
Change component parameters (AddParameter): Name = "Value"; Value = "22uF"; VariantName = "[No Variations]"
Change component parameters: Designator = "C21" ("C21"); Footprint = "FP-GRM32-MFG"; UniqueID = "\UOUWKKIP" ("\UOUWKKIP")
Change component parameters (AddParameter): Name = "CPAR"; Value = ""; VariantName = "[No Variations]"
Change component parameters (AddParameter): Name = "LSER"; Value = ""; VariantName = "[No Variations]"
Change component parameters (AddParameter): Name = "RLSHUNT"; Value = ""; VariantName = "[No Variations]"
Change component parameters (AddParameter): Name = "RPAR"; Value = ""; VariantName = "[No Variations]"
Change component parameters (AddParameter): Name = "RSER"; Value = ""; VariantName = "[No Variations]"
Change component parameters (AddParameter): Name = "SimulationGenericComponent"; Value = "True"; VariantName = "[No Variations]"
Change component parameters (AddParameter): Name = "TEMP"; Value = ""; VariantName = "[No Variations]"
Change component parameters (AddParameter): Name = "Value"; Value = "22uF"; VariantName = "[No Variations]"
Change component parameters: Designator = "C22" ("C22"); Footprint = "FP-CL10-IPC_B"; UniqueID = "\XIENKYMA" ("\XIENKYMA")
Change component parameters (AddParameter): Name = "CPAR"; Value = ""; VariantName = "[No Variations]"
Change component parameters (AddParameter): Name = "LSER"; Value = ""; VariantName = "[No Variations]"
Change component parameters (AddParameter): Name = "RLSHUNT"; Value = ""; VariantName = "[No Variations]"
Change component parameters (AddParameter): Name = "RPAR"; Value = ""; VariantName = "[No Variations]"
Change component parameters (AddParameter): Name = "RSER"; Value = ""; VariantName = "[No Variations]"
Change component parameters (AddParameter): Name = "SimulationGenericComponent"; Value = "True"; VariantName = "[No Variations]"
Change component parameters (AddParameter): Name = "TEMP"; Value = ""; VariantName = "[No Variations]"
Change component parameters (AddParameter): Name = "Value"; Value = "4.7?"; VariantName = "[No Variations]"
Change component parameters: Designator = "C23" ("C23"); Footprint = "CAPC1608X90N"; UniqueID = "\XMFUPVGA" ("\XMFUPVGA")
Change component parameters (AddParameter): Name = "CPAR"; Value = ""; VariantName = "[No Variations]"
Change component parameters (AddParameter): Name = "LSER"; Value = ""; VariantName = "[No Variations]"
Change component parameters (AddParameter): Name = "RLSHUNT"; Value = ""; VariantName = "[No Variations]"
Change component parameters (AddParameter): Name = "RPAR"; Value = ""; VariantName = "[No Variations]"
Change component parameters (AddParameter): Name = "RSER"; Value = ""; VariantName = "[No Variations]"
Change component parameters (AddParameter): Name = "SimulationGenericComponent"; Value = "True"; VariantName = "[No Variations]"
Change component parameters (AddParameter): Name = "TEMP"; Value = ""; VariantName = "[No Variations]"
Change component parameters (AddParameter): Name = "Value"; Value = "1uF"; VariantName = "[No Variations]"
Change component parameters: Designator = "C24" ("C24"); Footprint = "CAPC1608X90N"; UniqueID = "\LUNNLBAX" ("\LUNNLBAX")
Change component parameters (AddParameter): Name = "CPAR"; Value = ""; VariantName = "[No Variations]"
Change component parameters (AddParameter): Name = "LSER"; Value = ""; VariantName = "[No Variations]"
Change component parameters (AddParameter): Name = "RLSHUNT"; Value = ""; VariantName = "[No Variations]"
Change component parameters (AddParameter): Name = "RPAR"; Value = ""; VariantName = "[No Variations]"
Change component parameters (AddParameter): Name = "RSER"; Value = ""; VariantName = "[No Variations]"
Change component parameters (AddParameter): Name = "SimulationGenericComponent"; Value = "True"; VariantName = "[No Variations]"
Change component parameters (AddParameter): Name = "TEMP"; Value = ""; VariantName = "[No Variations]"
Change component parameters (AddParameter): Name = "Value"; Value = "1uF"; VariantName = "[No Variations]"
Change component parameters: Designator = "C25" ("C25"); Footprint = "FP-GCM155-0_05-MFG"; UniqueID = "\ZRTLFTXD" ("\ZRTLFTXD")
Change component parameters (AddParameter): Name = "CPAR"; Value = ""; VariantName = "[No Variations]"
Change component parameters (AddParameter): Name = "LSER"; Value = ""; VariantName = "[No Variations]"
Change component parameters (AddParameter): Name = "RLSHUNT"; Value = ""; VariantName = "[No Variations]"
Change component parameters (AddParameter): Name = "RPAR"; Value = ""; VariantName = "[No Variations]"
Change component parameters (AddParameter): Name = "RSER"; Value = ""; VariantName = "[No Variations]"
Change component parameters (AddParameter): Name = "SimulationGenericComponent"; Value = "True"; VariantName = "[No Variations]"
Change component parameters (AddParameter): Name = "TEMP"; Value = ""; VariantName = "[No Variations]"
Change component parameters (AddParameter): Name = "Value"; Value = "47p"; VariantName = "[No Variations]"
Change component parameters: Designator = "C26" ("C26"); Footprint = "CAPC1608X90N"; UniqueID = "\JSNDCQWM" ("\JSNDCQWM")
Change component parameters (AddParameter): Name = "CPAR"; Value = ""; VariantName = "[No Variations]"
Change component parameters (AddParameter): Name = "LSER"; Value = ""; VariantName = "[No Variations]"
Change component parameters (AddParameter): Name = "RLSHUNT"; Value = ""; VariantName = "[No Variations]"
Change component parameters (AddParameter): Name = "RPAR"; Value = ""; VariantName = "[No Variations]"
Change component parameters (AddParameter): Name = "RSER"; Value = ""; VariantName = "[No Variations]"
Change component parameters (AddParameter): Name = "SimulationGenericComponent"; Value = "True"; VariantName = "[No Variations]"
Change component parameters (AddParameter): Name = "TEMP"; Value = ""; VariantName = "[No Variations]"
Change component parameters (AddParameter): Name = "Value"; Value = "1uF"; VariantName = "[No Variations]"
Change component parameters: Designator = "C27" ("C27"); Footprint = "FP-GCM155-0_05-MFG"; UniqueID = "\ODKAMIPQ" ("\ODKAMIPQ")
Change component parameters (AddParameter): Name = "CPAR"; Value = ""; VariantName = "[No Variations]"
Change component parameters (AddParameter): Name = "LSER"; Value = ""; VariantName = "[No Variations]"
Change component parameters (AddParameter): Name = "RLSHUNT"; Value = ""; VariantName = "[No Variations]"
Change component parameters (AddParameter): Name = "RPAR"; Value = ""; VariantName = "[No Variations]"
Change component parameters (AddParameter): Name = "RSER"; Value = ""; VariantName = "[No Variations]"
Change component parameters (AddParameter): Name = "SimulationGenericComponent"; Value = "True"; VariantName = "[No Variations]"
Change component parameters (AddParameter): Name = "TEMP"; Value = ""; VariantName = "[No Variations]"
Change component parameters (AddParameter): Name = "Value"; Value = "47p"; VariantName = "[No Variations]"
Change component parameters: Designator = "C28" ("C28"); Footprint = "FP-GRM155-0_05-MFG"; UniqueID = "\LXHPFTGH" ("\LXHPFTGH")
Change component parameters (AddParameter): Name = "Add into BOM"; Value = "yes"; VariantName = "[No Variations]"
Change component parameters (AddParameter): Name = "Channel ID"; Value = ""; VariantName = "[No Variations]"
Change component parameters (AddParameter): Name = "Convert to PCB"; Value = "yes"; VariantName = "[No Variations]"
Change component parameters (AddParameter): Name = "Datasheet"; Value = "https://item.szlcsc.com/datasheet/UUG1J101MNQ1MS/7537320.html"; VariantName = "[No Variations]"
Change component parameters (AddParameter): Name = "Device"; Value = "UUG1J101MNQ1MS"; VariantName = "[No Variations]"
Change component parameters (AddParameter): Name = "Diameter"; Value = "12.5mm"; VariantName = "[No Variations]"
Change component parameters (AddParameter): Name = "Group ID"; Value = ""; VariantName = "[No Variations]"
Change component parameters (AddParameter): Name = "Height - Seated (Max)"; Value = "14.5mm"; VariantName = "[No Variations]"
Change component parameters (AddParameter): Name = "JLCPCB Part Class"; Value = "Extended Part"; VariantName = "[No Variations]"
Change component parameters (AddParameter): Name = "LCSC Part Name"; Value = "100uF ±20% 63V"; VariantName = "[No Variations]"
Change component parameters (AddParameter): Name = "Lifetime"; Value = "2000hrs@85?"; VariantName = "[No Variations]"
Change component parameters (AddParameter): Name = "Manufacturer"; Value = "Nichicon(???)"; VariantName = "[No Variations]"
Change component parameters (AddParameter): Name = "Manufacturer Part"; Value = "UUG1J101MNQ1MS"; VariantName = "[No Variations]"
Change component parameters (AddParameter): Name = "Operating Temperature"; Value = "-40?~+85?"; VariantName = "[No Variations]"
Change component parameters (AddParameter): Name = "Reuse Block"; Value = ""; VariantName = "[No Variations]"
Change component parameters (AddParameter): Name = "Ripple Current"; Value = "370mA@120Hz"; VariantName = "[No Variations]"
Change component parameters (AddParameter): Name = "Supplier"; Value = "LCSC"; VariantName = "[No Variations]"
Change component parameters (AddParameter): Name = "Supplier Footprint"; Value = "SMD,D12.5xL14.5mm"; VariantName = "[No Variations]"
Change component parameters (AddParameter): Name = "Supplier Part"; Value = ""; VariantName = "[No Variations]"
Change component parameters (AddParameter): Name = "Symbol"; Value = "UUG1J101MNQ1MS"; VariantName = "[No Variations]"
Change component parameters (AddParameter): Name = "Tolerance"; Value = "±20%"; VariantName = "[No Variations]"
Change component parameters (AddParameter): Name = "Value"; Value = "0.1?F"; VariantName = "[No Variations]"
Change component parameters (AddParameter): Name = "Voltage Rating"; Value = "63V"; VariantName = "[No Variations]"
Change component parameters: Designator = "C29" ("C29"); Footprint = "FP-GRM155-0_05-MFG"; UniqueID = "\SVAGOLKD" ("\SVAGOLKD")
Change component parameters (AddParameter): Name = "CPAR"; Value = ""; VariantName = "[No Variations]"
Change component parameters (AddParameter): Name = "LSER"; Value = ""; VariantName = "[No Variations]"
Change component parameters (AddParameter): Name = "RLSHUNT"; Value = ""; VariantName = "[No Variations]"
Change component parameters (AddParameter): Name = "RPAR"; Value = ""; VariantName = "[No Variations]"
Change component parameters (AddParameter): Name = "RSER"; Value = ""; VariantName = "[No Variations]"
Change component parameters (AddParameter): Name = "SimulationGenericComponent"; Value = "True"; VariantName = "[No Variations]"
Change component parameters (AddParameter): Name = "TEMP"; Value = ""; VariantName = "[No Variations]"
Change component parameters (AddParameter): Name = "Value"; Value = "0.1µF"; VariantName = "[No Variations]"
Change component parameters: Designator = "C30" ("C30"); Footprint = "FP-C0402C-BB-MFG"; UniqueID = "\JEFQJVMT" ("\JEFQJVMT")
Change component parameters (AddParameter): Name = "Add into BOM"; Value = "yes"; VariantName = "[No Variations]"
Change component parameters (AddParameter): Name = "Channel ID"; Value = ""; VariantName = "[No Variations]"
Change component parameters (AddParameter): Name = "Convert to PCB"; Value = "yes"; VariantName = "[No Variations]"
Change component parameters (AddParameter): Name = "Datasheet"; Value = "https://item.szlcsc.com/datasheet/UUG1J101MNQ1MS/7537320.html"; VariantName = "[No Variations]"
Change component parameters (AddParameter): Name = "Device"; Value = "UUG1J101MNQ1MS"; VariantName = "[No Variations]"
Change component parameters (AddParameter): Name = "Diameter"; Value = "12.5mm"; VariantName = "[No Variations]"
Change component parameters (AddParameter): Name = "Group ID"; Value = ""; VariantName = "[No Variations]"
Change component parameters (AddParameter): Name = "Height - Seated (Max)"; Value = "14.5mm"; VariantName = "[No Variations]"
Change component parameters (AddParameter): Name = "JLCPCB Part Class"; Value = "Extended Part"; VariantName = "[No Variations]"
Change component parameters (AddParameter): Name = "LCSC Part Name"; Value = "100uF ±20% 63V"; VariantName = "[No Variations]"
Change component parameters (AddParameter): Name = "Lifetime"; Value = "2000hrs@85?"; VariantName = "[No Variations]"
Change component parameters (AddParameter): Name = "Manufacturer"; Value = "Nichicon(???)"; VariantName = "[No Variations]"
Change component parameters (AddParameter): Name = "Manufacturer Part"; Value = "UUG1J101MNQ1MS"; VariantName = "[No Variations]"
Change component parameters (AddParameter): Name = "Operating Temperature"; Value = "-40?~+85?"; VariantName = "[No Variations]"
Change component parameters (AddParameter): Name = "Reuse Block"; Value = ""; VariantName = "[No Variations]"
Change component parameters (AddParameter): Name = "Ripple Current"; Value = "370mA@120Hz"; VariantName = "[No Variations]"
Change component parameters (AddParameter): Name = "Supplier"; Value = "LCSC"; VariantName = "[No Variations]"
Change component parameters (AddParameter): Name = "Supplier Footprint"; Value = "SMD,D12.5xL14.5mm"; VariantName = "[No Variations]"
Change component parameters (AddParameter): Name = "Supplier Part"; Value = ""; VariantName = "[No Variations]"
Change component parameters (AddParameter): Name = "Symbol"; Value = "UUG1J101MNQ1MS"; VariantName = "[No Variations]"
Change component parameters (AddParameter): Name = "Tolerance"; Value = "±20%"; VariantName = "[No Variations]"
Change component parameters (AddParameter): Name = "Value"; Value = "1?F"; VariantName = "[No Variations]"
Change component parameters (AddParameter): Name = "Voltage Rating"; Value = "63V"; VariantName = "[No Variations]"
Change component parameters: Designator = "C31" ("C31"); Footprint = "FP-GRM155-0_05-MFG"; UniqueID = "\DGRBBONY" ("\DGRBBONY")
Change component parameters (AddParameter): Name = "Add into BOM"; Value = "yes"; VariantName = "[No Variations]"
Change component parameters (AddParameter): Name = "Channel ID"; Value = ""; VariantName = "[No Variations]"
Change component parameters (AddParameter): Name = "Convert to PCB"; Value = "yes"; VariantName = "[No Variations]"
Change component parameters (AddParameter): Name = "Datasheet"; Value = "https://item.szlcsc.com/datasheet/UUG1J101MNQ1MS/7537320.html"; VariantName = "[No Variations]"
Change component parameters (AddParameter): Name = "Device"; Value = "UUG1J101MNQ1MS"; VariantName = "[No Variations]"
Change component parameters (AddParameter): Name = "Diameter"; Value = "12.5mm"; VariantName = "[No Variations]"
Change component parameters (AddParameter): Name = "Group ID"; Value = ""; VariantName = "[No Variations]"
Change component parameters (AddParameter): Name = "Height - Seated (Max)"; Value = "14.5mm"; VariantName = "[No Variations]"
Change component parameters (AddParameter): Name = "JLCPCB Part Class"; Value = "Extended Part"; VariantName = "[No Variations]"
Change component parameters (AddParameter): Name = "LCSC Part Name"; Value = "100uF ±20% 63V"; VariantName = "[No Variations]"
Change component parameters (AddParameter): Name = "Lifetime"; Value = "2000hrs@85?"; VariantName = "[No Variations]"
Change component parameters (AddParameter): Name = "Manufacturer"; Value = "Nichicon(???)"; VariantName = "[No Variations]"
Change component parameters (AddParameter): Name = "Manufacturer Part"; Value = "UUG1J101MNQ1MS"; VariantName = "[No Variations]"
Change component parameters (AddParameter): Name = "Operating Temperature"; Value = "-40?~+85?"; VariantName = "[No Variations]"
Change component parameters (AddParameter): Name = "Reuse Block"; Value = ""; VariantName = "[No Variations]"
Change component parameters (AddParameter): Name = "Ripple Current"; Value = "370mA@120Hz"; VariantName = "[No Variations]"
Change component parameters (AddParameter): Name = "Supplier"; Value = "LCSC"; VariantName = "[No Variations]"
Change component parameters (AddParameter): Name = "Supplier Footprint"; Value = "SMD,D12.5xL14.5mm"; VariantName = "[No Variations]"
Change component parameters (AddParameter): Name = "Supplier Part"; Value = ""; VariantName = "[No Variations]"
Change component parameters (AddParameter): Name = "Symbol"; Value = "UUG1J101MNQ1MS"; VariantName = "[No Variations]"
Change component parameters (AddParameter): Name = "Tolerance"; Value = "±20%"; VariantName = "[No Variations]"
Change component parameters (AddParameter): Name = "Value"; Value = "0.1?F"; VariantName = "[No Variations]"
Change component parameters (AddParameter): Name = "Voltage Rating"; Value = "63V"; VariantName = "[No Variations]"
Change component parameters: Designator = "C32" ("C32"); Footprint = "FP-GRM155-0_05-MFG"; UniqueID = "\XFCNWPHQ" ("\XFCNWPHQ")
Change component parameters (AddParameter): Name = "CPAR"; Value = ""; VariantName = "[No Variations]"
Change component parameters (AddParameter): Name = "LSER"; Value = ""; VariantName = "[No Variations]"
Change component parameters (AddParameter): Name = "RLSHUNT"; Value = ""; VariantName = "[No Variations]"
Change component parameters (AddParameter): Name = "RPAR"; Value = ""; VariantName = "[No Variations]"
Change component parameters (AddParameter): Name = "RSER"; Value = ""; VariantName = "[No Variations]"
Change component parameters (AddParameter): Name = "SimulationGenericComponent"; Value = "True"; VariantName = "[No Variations]"
Change component parameters (AddParameter): Name = "TEMP"; Value = ""; VariantName = "[No Variations]"
Change component parameters (AddParameter): Name = "Value"; Value = "0.1µF"; VariantName = "[No Variations]"
Change component parameters: Designator = "C33" ("C33"); Footprint = "FP-GRM155-0_05-MFG"; UniqueID = "\DWTWXERV" ("\DWTWXERV")
Change component parameters (AddParameter): Name = "CPAR"; Value = ""; VariantName = "[No Variations]"
Change component parameters (AddParameter): Name = "LSER"; Value = ""; VariantName = "[No Variations]"
Change component parameters (AddParameter): Name = "RLSHUNT"; Value = ""; VariantName = "[No Variations]"
Change component parameters (AddParameter): Name = "RPAR"; Value = ""; VariantName = "[No Variations]"
Change component parameters (AddParameter): Name = "RSER"; Value = ""; VariantName = "[No Variations]"
Change component parameters (AddParameter): Name = "SimulationGenericComponent"; Value = "True"; VariantName = "[No Variations]"
Change component parameters (AddParameter): Name = "TEMP"; Value = ""; VariantName = "[No Variations]"
Change component parameters (AddParameter): Name = "Value"; Value = "0.1µF"; VariantName = "[No Variations]"
Change component parameters: Designator = "C34" ("C34"); Footprint = "FP-GRM155-0_05-MFG"; UniqueID = "\UKRBESOQ" ("\UKRBESOQ")
Change component parameters (AddParameter): Name = "CPAR"; Value = ""; VariantName = "[No Variations]"
Change component parameters (AddParameter): Name = "LSER"; Value = ""; VariantName = "[No Variations]"
Change component parameters (AddParameter): Name = "RLSHUNT"; Value = ""; VariantName = "[No Variations]"
Change component parameters (AddParameter): Name = "RPAR"; Value = ""; VariantName = "[No Variations]"
Change component parameters (AddParameter): Name = "RSER"; Value = ""; VariantName = "[No Variations]"
Change component parameters (AddParameter): Name = "SimulationGenericComponent"; Value = "True"; VariantName = "[No Variations]"
Change component parameters (AddParameter): Name = "TEMP"; Value = ""; VariantName = "[No Variations]"
Change component parameters (AddParameter): Name = "Value"; Value = "0.1µF"; VariantName = "[No Variations]"
Change component parameters: Designator = "C35" ("C35"); Footprint = "FP-CL10-IPC_B"; UniqueID = "\NEGLDTJB" ("\NEGLDTJB")
Change component parameters (AddParameter): Name = "CPAR"; Value = ""; VariantName = "[No Variations]"
Change component parameters (AddParameter): Name = "LSER"; Value = ""; VariantName = "[No Variations]"
Change component parameters (AddParameter): Name = "RLSHUNT"; Value = ""; VariantName = "[No Variations]"
Change component parameters (AddParameter): Name = "RPAR"; Value = ""; VariantName = "[No Variations]"
Change component parameters (AddParameter): Name = "RSER"; Value = ""; VariantName = "[No Variations]"
Change component parameters (AddParameter): Name = "SimulationGenericComponent"; Value = "True"; VariantName = "[No Variations]"
Change component parameters (AddParameter): Name = "TEMP"; Value = ""; VariantName = "[No Variations]"
Change component parameters (AddParameter): Name = "Value"; Value = "4.7µF"; VariantName = "[No Variations]"
Change component parameters: Designator = "C36" ("C36"); Footprint = "FP-GCM155-0_05-MFG"; UniqueID = "\HXNOPKTQ" ("\HXNOPKTQ")
Change component parameters (AddParameter): Name = "CPAR"; Value = ""; VariantName = "[No Variations]"
Change component parameters (AddParameter): Name = "LSER"; Value = ""; VariantName = "[No Variations]"
Change component parameters (AddParameter): Name = "RLSHUNT"; Value = ""; VariantName = "[No Variations]"
Change component parameters (AddParameter): Name = "RPAR"; Value = ""; VariantName = "[No Variations]"
Change component parameters (AddParameter): Name = "RSER"; Value = ""; VariantName = "[No Variations]"
Change component parameters (AddParameter): Name = "SimulationGenericComponent"; Value = "True"; VariantName = "[No Variations]"
Change component parameters (AddParameter): Name = "TEMP"; Value = ""; VariantName = "[No Variations]"
Change component parameters (AddParameter): Name = "Value"; Value = "47p"; VariantName = "[No Variations]"
Change component parameters: Designator = "C37" ("C37"); Footprint = "FP-GCM155-0_05-MFG"; UniqueID = "\MQOYICBR" ("\MQOYICBR")
Change component parameters (AddParameter): Name = "CPAR"; Value = ""; VariantName = "[No Variations]"
Change component parameters (AddParameter): Name = "LSER"; Value = ""; VariantName = "[No Variations]"
Change component parameters (AddParameter): Name = "RLSHUNT"; Value = ""; VariantName = "[No Variations]"
Change component parameters (AddParameter): Name = "RPAR"; Value = ""; VariantName = "[No Variations]"
Change component parameters (AddParameter): Name = "RSER"; Value = ""; VariantName = "[No Variations]"
Change component parameters (AddParameter): Name = "SimulationGenericComponent"; Value = "True"; VariantName = "[No Variations]"
Change component parameters (AddParameter): Name = "TEMP"; Value = ""; VariantName = "[No Variations]"
Change component parameters (AddParameter): Name = "Value"; Value = "47p"; VariantName = "[No Variations]"
Change component parameters: Designator = "C38" ("C38"); Footprint = "FP-CL21B106KOQNNNE-MFG"; UniqueID = "\QEWBEGJT" ("\QEWBEGJT")
Change component parameters (AddParameter): Name = "Add into BOM"; Value = "yes"; VariantName = "[No Variations]"
Change component parameters (AddParameter): Name = "Channel ID"; Value = ""; VariantName = "[No Variations]"
Change component parameters (AddParameter): Name = "Convert to PCB"; Value = "yes"; VariantName = "[No Variations]"
Change component parameters (AddParameter): Name = "Datasheet"; Value = "https://item.szlcsc.com/datasheet/UUG1J101MNQ1MS/7537320.html"; VariantName = "[No Variations]"
Change component parameters (AddParameter): Name = "Device"; Value = "UUG1J101MNQ1MS"; VariantName = "[No Variations]"
Change component parameters (AddParameter): Name = "Diameter"; Value = "12.5mm"; VariantName = "[No Variations]"
Change component parameters (AddParameter): Name = "Group ID"; Value = ""; VariantName = "[No Variations]"
Change component parameters (AddParameter): Name = "Height - Seated (Max)"; Value = "14.5mm"; VariantName = "[No Variations]"
Change component parameters (AddParameter): Name = "JLCPCB Part Class"; Value = "Extended Part"; VariantName = "[No Variations]"
Change component parameters (AddParameter): Name = "LCSC Part Name"; Value = "100uF ±20% 63V"; VariantName = "[No Variations]"
Change component parameters (AddParameter): Name = "Lifetime"; Value = "2000hrs@85?"; VariantName = "[No Variations]"
Change component parameters (AddParameter): Name = "Manufacturer"; Value = "Nichicon(???)"; VariantName = "[No Variations]"
Change component parameters (AddParameter): Name = "Manufacturer Part"; Value = "UUG1J101MNQ1MS"; VariantName = "[No Variations]"
Change component parameters (AddParameter): Name = "Operating Temperature"; Value = "-40?~+85?"; VariantName = "[No Variations]"
Change component parameters (AddParameter): Name = "Reuse Block"; Value = ""; VariantName = "[No Variations]"
Change component parameters (AddParameter): Name = "Ripple Current"; Value = "370mA@120Hz"; VariantName = "[No Variations]"
Change component parameters (AddParameter): Name = "Supplier"; Value = "LCSC"; VariantName = "[No Variations]"
Change component parameters (AddParameter): Name = "Supplier Footprint"; Value = "SMD,D12.5xL14.5mm"; VariantName = "[No Variations]"
Change component parameters (AddParameter): Name = "Supplier Part"; Value = ""; VariantName = "[No Variations]"
Change component parameters (AddParameter): Name = "Symbol"; Value = "UUG1J101MNQ1MS"; VariantName = "[No Variations]"
Change component parameters (AddParameter): Name = "Tolerance"; Value = "±20%"; VariantName = "[No Variations]"
Change component parameters (AddParameter): Name = "Value"; Value = "10?F"; VariantName = "[No Variations]"
Change component parameters (AddParameter): Name = "Voltage Rating"; Value = "63V"; VariantName = "[No Variations]"
Change component parameters: Designator = "C39" ("C39"); Footprint = "FP-GRM155-0_05-MFG"; UniqueID = "\IANMREPD" ("\IANMREPD")
Change component parameters (AddParameter): Name = "Add into BOM"; Value = "yes"; VariantName = "[No Variations]"
Change component parameters (AddParameter): Name = "Channel ID"; Value = ""; VariantName = "[No Variations]"
Change component parameters (AddParameter): Name = "Convert to PCB"; Value = "yes"; VariantName = "[No Variations]"
Change component parameters (AddParameter): Name = "Datasheet"; Value = "https://item.szlcsc.com/datasheet/UUG1J101MNQ1MS/7537320.html"; VariantName = "[No Variations]"
Change component parameters (AddParameter): Name = "Device"; Value = "UUG1J101MNQ1MS"; VariantName = "[No Variations]"
Change component parameters (AddParameter): Name = "Diameter"; Value = "12.5mm"; VariantName = "[No Variations]"
Change component parameters (AddParameter): Name = "Group ID"; Value = ""; VariantName = "[No Variations]"
Change component parameters (AddParameter): Name = "Height - Seated (Max)"; Value = "14.5mm"; VariantName = "[No Variations]"
Change component parameters (AddParameter): Name = "JLCPCB Part Class"; Value = "Extended Part"; VariantName = "[No Variations]"
Change component parameters (AddParameter): Name = "LCSC Part Name"; Value = "100uF ±20% 63V"; VariantName = "[No Variations]"
Change component parameters (AddParameter): Name = "Lifetime"; Value = "2000hrs@85?"; VariantName = "[No Variations]"
Change component parameters (AddParameter): Name = "Manufacturer"; Value = "Nichicon(???)"; VariantName = "[No Variations]"
Change component parameters (AddParameter): Name = "Manufacturer Part"; Value = "UUG1J101MNQ1MS"; VariantName = "[No Variations]"
Change component parameters (AddParameter): Name = "Operating Temperature"; Value = "-40?~+85?"; VariantName = "[No Variations]"
Change component parameters (AddParameter): Name = "Reuse Block"; Value = ""; VariantName = "[No Variations]"
Change component parameters (AddParameter): Name = "Ripple Current"; Value = "370mA@120Hz"; VariantName = "[No Variations]"
Change component parameters (AddParameter): Name = "Supplier"; Value = "LCSC"; VariantName = "[No Variations]"
Change component parameters (AddParameter): Name = "Supplier Footprint"; Value = "SMD,D12.5xL14.5mm"; VariantName = "[No Variations]"
Change component parameters (AddParameter): Name = "Supplier Part"; Value = ""; VariantName = "[No Variations]"
Change component parameters (AddParameter): Name = "Symbol"; Value = "UUG1J101MNQ1MS"; VariantName = "[No Variations]"
Change component parameters (AddParameter): Name = "Tolerance"; Value = "±20%"; VariantName = "[No Variations]"
Change component parameters (AddParameter): Name = "Value"; Value = "0.1?F"; VariantName = "[No Variations]"
Change component parameters (AddParameter): Name = "Voltage Rating"; Value = "63V"; VariantName = "[No Variations]"
Change component parameters: Designator = "C40" ("C40"); Footprint = "FP-CL21B106KOQNNNE-MFG"; UniqueID = "\XFUXSPIX" ("\XFUXSPIX")
Change component parameters (AddParameter): Name = "Add into BOM"; Value = "yes"; VariantName = "[No Variations]"
Change component parameters (AddParameter): Name = "Channel ID"; Value = ""; VariantName = "[No Variations]"
Change component parameters (AddParameter): Name = "Convert to PCB"; Value = "yes"; VariantName = "[No Variations]"
Change component parameters (AddParameter): Name = "Datasheet"; Value = "https://item.szlcsc.com/datasheet/UUG1J101MNQ1MS/7537320.html"; VariantName = "[No Variations]"
Change component parameters (AddParameter): Name = "Device"; Value = "UUG1J101MNQ1MS"; VariantName = "[No Variations]"
Change component parameters (AddParameter): Name = "Diameter"; Value = "12.5mm"; VariantName = "[No Variations]"
Change component parameters (AddParameter): Name = "Group ID"; Value = ""; VariantName = "[No Variations]"
Change component parameters (AddParameter): Name = "Height - Seated (Max)"; Value = "14.5mm"; VariantName = "[No Variations]"
Change component parameters (AddParameter): Name = "JLCPCB Part Class"; Value = "Extended Part"; VariantName = "[No Variations]"
Change component parameters (AddParameter): Name = "LCSC Part Name"; Value = "100uF ±20% 63V"; VariantName = "[No Variations]"
Change component parameters (AddParameter): Name = "Lifetime"; Value = "2000hrs@85?"; VariantName = "[No Variations]"
Change component parameters (AddParameter): Name = "Manufacturer"; Value = "Nichicon(???)"; VariantName = "[No Variations]"
Change component parameters (AddParameter): Name = "Manufacturer Part"; Value = "UUG1J101MNQ1MS"; VariantName = "[No Variations]"
Change component parameters (AddParameter): Name = "Operating Temperature"; Value = "-40?~+85?"; VariantName = "[No Variations]"
Change component parameters (AddParameter): Name = "Reuse Block"; Value = ""; VariantName = "[No Variations]"
Change component parameters (AddParameter): Name = "Ripple Current"; Value = "370mA@120Hz"; VariantName = "[No Variations]"
Change component parameters (AddParameter): Name = "Supplier"; Value = "LCSC"; VariantName = "[No Variations]"
Change component parameters (AddParameter): Name = "Supplier Footprint"; Value = "SMD,D12.5xL14.5mm"; VariantName = "[No Variations]"
Change component parameters (AddParameter): Name = "Supplier Part"; Value = ""; VariantName = "[No Variations]"
Change component parameters (AddParameter): Name = "Symbol"; Value = "UUG1J101MNQ1MS"; VariantName = "[No Variations]"
Change component parameters (AddParameter): Name = "Tolerance"; Value = "±20%"; VariantName = "[No Variations]"
Change component parameters (AddParameter): Name = "Value"; Value = "10?F"; VariantName = "[No Variations]"
Change component parameters (AddParameter): Name = "Voltage Rating"; Value = "63V"; VariantName = "[No Variations]"
Change component parameters: Designator = "CR1" ("CR1"); Footprint = "POWERDI123_DIO"; UniqueID = "\CDMJAWWR" ("\CDMJAWWR")
Change component parameters (AddParameter): Name = "Copyright"; Value = "Copyright (C) 2026 Ultra Librarian. All rights reserved."; VariantName = "[No Variations]"
Change component parameters (AddParameter): Name = "Manufacturer_Name"; Value = "Diodes Inc"; VariantName = "[No Variations]"
Change component parameters (AddParameter): Name = "Manufacturer_Part_Number"; Value = "DFLS240-7"; VariantName = "[No Variations]"
Change component parameters (AddParameter): Name = "RefDes"; Value = ""; VariantName = "[No Variations]"
Change component parameters (AddParameter): Name = "Type"; Value = ""; VariantName = "[No Variations]"
Change component parameters: Designator = "CR2" ("CR2"); Footprint = "POWERDI123_DIO"; UniqueID = "\MLOBAIWP" ("\MLOBAIWP")
Change component parameters (AddParameter): Name = "Copyright"; Value = "Copyright (C) 2026 Ultra Librarian. All rights reserved."; VariantName = "[No Variations]"
Change component parameters (AddParameter): Name = "Manufacturer_Name"; Value = "Diodes Inc"; VariantName = "[No Variations]"
Change component parameters (AddParameter): Name = "Manufacturer_Part_Number"; Value = "DFLS240-7"; VariantName = "[No Variations]"
Change component parameters (AddParameter): Name = "RefDes"; Value = ""; VariantName = "[No Variations]"
Change component parameters (AddParameter): Name = "Type"; Value = ""; VariantName = "[No Variations]"
Change component parameters: Designator = "D1" ("D1"); Footprint = "SOT95P237X112-3N"; UniqueID = "\ZHZRNWJO" ("\ZHZRNWJO")
Change component parameters (AddParameter): Name = "Check_prices"; Value = "https://www.snapeda.com/parts/BAT54C%20RF/Taiwan+Semiconductor/view-part/?ref=eda"; VariantName = "[No Variations]"
Change component parameters (AddParameter): Name = "MF"; Value = "Taiwan Semiconductor"; VariantName = "[No Variations]"
Change component parameters (AddParameter): Name = "MP"; Value = "BAT54C RF"; VariantName = "[No Variations]"
Change component parameters (AddParameter): Name = "Package"; Value = "SOT-23 Taiwan Semiconductor"; VariantName = "[No Variations]"
Change component parameters (AddParameter): Name = "SnapEDA_Link"; Value = "https://www.snapeda.com/parts/BAT54C%20RF/Taiwan+Semiconductor/view-part/?ref=snap"; VariantName = "[No Variations]"
Change component parameters (AddParameter): Name = "Value"; Value = ""; VariantName = "[No Variations]"
Change component parameters: Designator = "FL1" ("FL1"); Footprint = "FP-BLM18-0_15-t0_8-MFG"; UniqueID = "\FDYMKSOL" ("\FDYMKSOL")
Change component parameters (AddParameter): Name = "Arrow_Electronics-Purchase-URL"; Value = "https://snapeda.com/shop?store=Arrow+Electronics&id=2740601"; VariantName = "[No Variations]"
Change component parameters (AddParameter): Name = "Availability"; Value = "Good"; VariantName = "[No Variations]"
Change component parameters (AddParameter): Name = "DigiKey-Purchase-URL"; Value = "https://snapeda.com/shop?store=DigiKey&id=2740601"; VariantName = "[No Variations]"
Change component parameters (AddParameter): Name = "MF"; Value = "Murata Electronics"; VariantName = "[No Variations]"
Change component parameters (AddParameter): Name = "Mouser-Purchase-URL"; Value = "https://snapeda.com/shop?store=Mouser&id=2740601"; VariantName = "[No Variations]"
Change component parameters (AddParameter): Name = "MP"; Value = "BLM18HE152SN1D"; VariantName = "[No Variations]"
Change component parameters (AddParameter): Name = "Package"; Value = "1608 Murata"; VariantName = "[No Variations]"
Change component parameters (AddParameter): Name = "Price"; Value = "None"; VariantName = "[No Variations]"
Change component parameters (AddParameter): Name = "SnapEDA_Link"; Value = "https://www.snapeda.com/parts/BLM18HE152SN1D/Murata/view-part/2740601/?ref=snap"; VariantName = "[No Variations]"
Change component parameters (AddParameter): Name = "Value"; Value = ""; VariantName = "[No Variations]"
Change component parameters: Designator = "FL2" ("FL2"); Footprint = "FP-BLM18-0_15-t0_8-MFG"; UniqueID = "\YMGRZMRA" ("\YMGRZMRA")
Change component parameters (AddParameter): Name = "Arrow_Electronics-Purchase-URL"; Value = "https://snapeda.com/shop?store=Arrow+Electronics&id=2740601"; VariantName = "[No Variations]"
Change component parameters (AddParameter): Name = "Availability"; Value = "Good"; VariantName = "[No Variations]"
Change component parameters (AddParameter): Name = "DigiKey-Purchase-URL"; Value = "https://snapeda.com/shop?store=DigiKey&id=2740601"; VariantName = "[No Variations]"
Change component parameters (AddParameter): Name = "MF"; Value = "Murata Electronics"; VariantName = "[No Variations]"
Change component parameters (AddParameter): Name = "Mouser-Purchase-URL"; Value = "https://snapeda.com/shop?store=Mouser&id=2740601"; VariantName = "[No Variations]"
Change component parameters (AddParameter): Name = "MP"; Value = "BLM18HE152SN1D"; VariantName = "[No Variations]"
Change component parameters (AddParameter): Name = "Package"; Value = "1608 Murata"; VariantName = "[No Variations]"
Change component parameters (AddParameter): Name = "Price"; Value = "None"; VariantName = "[No Variations]"
Change component parameters (AddParameter): Name = "SnapEDA_Link"; Value = "https://www.snapeda.com/parts/BLM18HE152SN1D/Murata/view-part/2740601/?ref=snap"; VariantName = "[No Variations]"
Change component parameters (AddParameter): Name = "Value"; Value = ""; VariantName = "[No Variations]"
Change component parameters: Designator = "IC1" ("IC1"); Footprint = "QFN40P300X500X80-31N-D"; UniqueID = "\RDMJSCYU" ("\RDMJSCYU")
Change component parameters (AddParameter): Name = "Arrow Part Number"; Value = ""; VariantName = "[No Variations]"
Change component parameters (AddParameter): Name = "Arrow Price/Stock"; Value = ""; VariantName = "[No Variations]"
Change component parameters (AddParameter): Name = "Datasheet Link"; Value = ""; VariantName = "[No Variations]"
Change component parameters (AddParameter): Name = "Height"; Value = "0.8mm"; VariantName = "[No Variations]"
Change component parameters (AddParameter): Name = "Manufacturer_Name"; Value = "ESS Technology"; VariantName = "[No Variations]"
Change component parameters (AddParameter): Name = "Manufacturer_Part_Number"; Value = "ES9038Q2M"; VariantName = "[No Variations]"
Change component parameters (AddParameter): Name = "Mouser Part Number"; Value = "460-ES9038Q2M"; VariantName = "[No Variations]"
Change component parameters (AddParameter): Name = "Mouser Price/Stock"; Value = "https://www.mouser.co.uk/ProductDetail/ESS-Technology/ES9038Q2M?qs=sPbYRqrBIVmdeUedURuuOw%3D%3D"; VariantName = "[No Variations]"
Change component parameters: Designator = "IC2" ("IC2"); Footprint = "SOP50P490X110-10N"; UniqueID = "\AOTROWPU" ("\AOTROWPU")
Change component parameters (AddParameter): Name = "Arrow Part Number"; Value = "SI5351A-B-GT"; VariantName = "[No Variations]"
Change component parameters (AddParameter): Name = "Arrow Price/Stock"; Value = "https://www.arrow.com/en/products/si5351a-b-gt/silicon-labs"; VariantName = "[No Variations]"
Change component parameters (AddParameter): Name = "Datasheet Link"; Value = "https://componentsearchengine.com/Datasheets/1/Si5351A-B-GT.pdf"; VariantName = "[No Variations]"
Change component parameters (AddParameter): Name = "Height"; Value = "1.1mm"; VariantName = "[No Variations]"
Change component parameters (AddParameter): Name = "Manufacturer_Name"; Value = "Silicon Labs"; VariantName = "[No Variations]"
Change component parameters (AddParameter): Name = "Manufacturer_Part_Number"; Value = "Si5351A-B-GT"; VariantName = "[No Variations]"
Change component parameters (AddParameter): Name = "Mouser Part Number"; Value = "634-SI5351A-B-GT"; VariantName = "[No Variations]"
Change component parameters (AddParameter): Name = "Mouser Price/Stock"; Value = "https://www.mouser.co.uk/ProductDetail/Silicon-Labs/SI5351A-B-GT?qs=p9T7GgSe1IEO%252BMfC%2FKPFfA%3D%3D"; VariantName = "[No Variations]"
Change component parameters: Designator = "J1" ("J1"); Footprint = "GCT_USB4110GFA"; UniqueID = "\JSHDOSSG" ("\JSHDOSSG")
Change component parameters (AddParameter): Name = "Check_prices"; Value = "https://www.snapeda.com/parts/USB4110GFA/Global+Connector+Technology/view-part/?ref=eda"; VariantName = "[No Variations]"
Change component parameters (AddParameter): Name = "MF"; Value = "Global Connector Technology"; VariantName = "[No Variations]"
Change component parameters (AddParameter): Name = "MP"; Value = "USB4110GFA"; VariantName = "[No Variations]"
Change component parameters (AddParameter): Name = "Package"; Value = "None"; VariantName = "[No Variations]"
Change component parameters (AddParameter): Name = "SnapEDA_Link"; Value = "https://www.snapeda.com/parts/USB4110GFA/Global+Connector+Technology/view-part/?ref=snap"; VariantName = "[No Variations]"
Change component parameters (AddParameter): Name = "Value"; Value = ""; VariantName = "[No Variations]"
Change component parameters: Designator = "J2" ("J2"); Footprint = "SKQUAAA010"; UniqueID = "\GRRNQRTW" ("\GRRNQRTW")
Change component parameters (AddParameter): Name = "Availability"; Value = "Unavailable"; VariantName = "[No Variations]"
Change component parameters (AddParameter): Name = "MF"; Value = ""; VariantName = "[No Variations]"
Change component parameters (AddParameter): Name = "MP"; Value = "SKQUAAA010"; VariantName = "[No Variations]"
Change component parameters (AddParameter): Name = "Package"; Value = "None"; VariantName = "[No Variations]"
Change component parameters (AddParameter): Name = "Price"; Value = "None"; VariantName = "[No Variations]"
Change component parameters (AddParameter): Name = "Value"; Value = ""; VariantName = "[No Variations]"
Change component parameters: Designator = "J3" ("J3"); Footprint = "FP-S3B-PH-K-S_LF_SN-MFG"; UniqueID = "\LGZLSFBH" ("\LGZLSFBH")
Change component parameters (AddParameter): Name = "Height"; Value = "0.31inch"; VariantName = "[No Variations]"
Change component parameters (AddParameter): Name = "Length"; Value = "0.31inch"; VariantName = "[No Variations]"
Change component parameters (AddParameter): Name = "Weight"; Value = "0.0625lb"; VariantName = "[No Variations]"
Change component parameters (AddParameter): Name = "Width"; Value = "0.31inch"; VariantName = "[No Variations]"
Change component parameters: Designator = "L1" ("L1"); Footprint = "WE-MAPI_4030"; UniqueID = "\JLJJAOEL" ("\JLJJAOEL")
Change component parameters (AddParameter): Name = "CPAR"; Value = ""; VariantName = "[No Variations]"
Change component parameters (AddParameter): Name = "DTEMP"; Value = ""; VariantName = "[No Variations]"
Change component parameters (AddParameter): Name = "Initial Current"; Value = ""; VariantName = "[No Variations]"
Change component parameters (AddParameter): Name = "M"; Value = ""; VariantName = "[No Variations]"
Change component parameters (AddParameter): Name = "RPAR"; Value = ""; VariantName = "[No Variations]"
Change component parameters (AddParameter): Name = "RSER"; Value = ""; VariantName = "[No Variations]"
Change component parameters (AddParameter): Name = "SimulationGenericComponent"; Value = "True"; VariantName = "[No Variations]"
Change component parameters (AddParameter): Name = "T_REL_LOCAL"; Value = ""; VariantName = "[No Variations]"
Change component parameters (AddParameter): Name = "TC1"; Value = ""; VariantName = "[No Variations]"
Change component parameters (AddParameter): Name = "TC2"; Value = ""; VariantName = "[No Variations]"
Change component parameters (AddParameter): Name = "TEMP"; Value = ""; VariantName = "[No Variations]"
Change component parameters (AddParameter): Name = "Value"; Value = "4.7u"; VariantName = "[No Variations]"
Change component parameters: Designator = "L2" ("L2"); Footprint = "WE-MAPI_4030"; UniqueID = "\XUMQBPQN" ("\XUMQBPQN")
Change component parameters (AddParameter): Name = "CPAR"; Value = ""; VariantName = "[No Variations]"
Change component parameters (AddParameter): Name = "DTEMP"; Value = ""; VariantName = "[No Variations]"
Change component parameters (AddParameter): Name = "Initial Current"; Value = ""; VariantName = "[No Variations]"
Change component parameters (AddParameter): Name = "M"; Value = ""; VariantName = "[No Variations]"
Change component parameters (AddParameter): Name = "RPAR"; Value = ""; VariantName = "[No Variations]"
Change component parameters (AddParameter): Name = "RSER"; Value = ""; VariantName = "[No Variations]"
Change component parameters (AddParameter): Name = "SimulationGenericComponent"; Value = "True"; VariantName = "[No Variations]"
Change component parameters (AddParameter): Name = "T_REL_LOCAL"; Value = ""; VariantName = "[No Variations]"
Change component parameters (AddParameter): Name = "TC1"; Value = ""; VariantName = "[No Variations]"
Change component parameters (AddParameter): Name = "TC2"; Value = ""; VariantName = "[No Variations]"
Change component parameters (AddParameter): Name = "TEMP"; Value = ""; VariantName = "[No Variations]"
Change component parameters (AddParameter): Name = "Value"; Value = "6.8u"; VariantName = "[No Variations]"
Change component parameters: Designator = "R1" ("R1"); Footprint = "RESC1005X40X25NL05T10"; UniqueID = "\OUWBPAEX" ("\OUWBPAEX")
Change component parameters (AddParameter): Name = "DTEMP"; Value = ""; VariantName = "[No Variations]"
Change component parameters (AddParameter): Name = "SimulationGenericComponent"; Value = "True"; VariantName = "[No Variations]"
Change component parameters (AddParameter): Name = "T_REL_LOCAL"; Value = ""; VariantName = "[No Variations]"
Change component parameters (AddParameter): Name = "TC"; Value = ""; VariantName = "[No Variations]"
Change component parameters (AddParameter): Name = "TC1"; Value = "0"; VariantName = "[No Variations]"
Change component parameters (AddParameter): Name = "TC2"; Value = "0"; VariantName = "[No Variations]"
Change component parameters (AddParameter): Name = "TEMP"; Value = ""; VariantName = "[No Variations]"
Change component parameters (AddParameter): Name = "Value"; Value = "5.1K"; VariantName = "[No Variations]"
Change component parameters: Designator = "R2" ("R2"); Footprint = "RESC1005X40X25NL05T10"; UniqueID = "\SUKBMCZM" ("\SUKBMCZM")
Change component parameters (AddParameter): Name = "DTEMP"; Value = ""; VariantName = "[No Variations]"
Change component parameters (AddParameter): Name = "SimulationGenericComponent"; Value = "True"; VariantName = "[No Variations]"
Change component parameters (AddParameter): Name = "T_REL_LOCAL"; Value = ""; VariantName = "[No Variations]"
Change component parameters (AddParameter): Name = "TC"; Value = ""; VariantName = "[No Variations]"
Change component parameters (AddParameter): Name = "TC1"; Value = "0"; VariantName = "[No Variations]"
Change component parameters (AddParameter): Name = "TC2"; Value = "0"; VariantName = "[No Variations]"
Change component parameters (AddParameter): Name = "TEMP"; Value = ""; VariantName = "[No Variations]"
Change component parameters (AddParameter): Name = "Value"; Value = "5.1K"; VariantName = "[No Variations]"
Change component parameters: Designator = "R3" ("R3"); Footprint = "RESC3216X70X50NL20T25"; UniqueID = "\CMZRVBOQ" ("\CMZRVBOQ")
Change component parameters (AddParameter): Name = "DTEMP"; Value = ""; VariantName = "[No Variations]"
Change component parameters (AddParameter): Name = "SimulationGenericComponent"; Value = "True"; VariantName = "[No Variations]"
Change component parameters (AddParameter): Name = "T_REL_LOCAL"; Value = ""; VariantName = "[No Variations]"
Change component parameters (AddParameter): Name = "TC"; Value = ""; VariantName = "[No Variations]"
Change component parameters (AddParameter): Name = "TC1"; Value = "0"; VariantName = "[No Variations]"
Change component parameters (AddParameter): Name = "TC2"; Value = "0"; VariantName = "[No Variations]"
Change component parameters (AddParameter): Name = "TEMP"; Value = ""; VariantName = "[No Variations]"
Change component parameters (AddParameter): Name = "Value"; Value = "1M"; VariantName = "[No Variations]"
Change component parameters: Designator = "R4" ("R4"); Footprint = "FP-RT0402-MFG"; UniqueID = "\BAEDYEPI" ("\BAEDYEPI")
Change component parameters (AddParameter): Name = "DTEMP"; Value = ""; VariantName = "[No Variations]"
Change component parameters (AddParameter): Name = "SimulationGenericComponent"; Value = "True"; VariantName = "[No Variations]"
Change component parameters (AddParameter): Name = "T_REL_LOCAL"; Value = ""; VariantName = "[No Variations]"
Change component parameters (AddParameter): Name = "TC"; Value = ""; VariantName = "[No Variations]"
Change component parameters (AddParameter): Name = "TC1"; Value = "0"; VariantName = "[No Variations]"
Change component parameters (AddParameter): Name = "TC2"; Value = "0"; VariantName = "[No Variations]"
Change component parameters (AddParameter): Name = "TEMP"; Value = ""; VariantName = "[No Variations]"
Change component parameters (AddParameter): Name = "Value"; Value = "6.8K"; VariantName = "[No Variations]"
Change component parameters: Designator = "R5" ("R5"); Footprint = "ERA2AED122X"; UniqueID = "\HWTWKXLI" ("\HWTWKXLI")
Change component parameters (AddParameter): Name = "DTEMP"; Value = ""; VariantName = "[No Variations]"
Change component parameters (AddParameter): Name = "SimulationGenericComponent"; Value = "True"; VariantName = "[No Variations]"
Change component parameters (AddParameter): Name = "T_REL_LOCAL"; Value = ""; VariantName = "[No Variations]"
Change component parameters (AddParameter): Name = "TC"; Value = ""; VariantName = "[No Variations]"
Change component parameters (AddParameter): Name = "TC1"; Value = "0"; VariantName = "[No Variations]"
Change component parameters (AddParameter): Name = "TC2"; Value = "0"; VariantName = "[No Variations]"
Change component parameters (AddParameter): Name = "TEMP"; Value = ""; VariantName = "[No Variations]"
Change component parameters (AddParameter): Name = "Value"; Value = "104.687K"; VariantName = "[No Variations]"
Change component parameters: Designator = "R6" ("R6"); Footprint = "ERA2AED122X"; UniqueID = "\HCEBUHDZ" ("\HCEBUHDZ")
Change component parameters (AddParameter): Name = "DTEMP"; Value = ""; VariantName = "[No Variations]"
Change component parameters (AddParameter): Name = "SimulationGenericComponent"; Value = "True"; VariantName = "[No Variations]"
Change component parameters (AddParameter): Name = "T_REL_LOCAL"; Value = ""; VariantName = "[No Variations]"
Change component parameters (AddParameter): Name = "TC"; Value = ""; VariantName = "[No Variations]"
Change component parameters (AddParameter): Name = "TC1"; Value = "0"; VariantName = "[No Variations]"
Change component parameters (AddParameter): Name = "TC2"; Value = "0"; VariantName = "[No Variations]"
Change component parameters (AddParameter): Name = "TEMP"; Value = ""; VariantName = "[No Variations]"
Change component parameters (AddParameter): Name = "Value"; Value = "453K"; VariantName = "[No Variations]"
Change component parameters: Designator = "R7" ("R7"); Footprint = "ERA2AED122X"; UniqueID = "\YFURTXLL" ("\YFURTXLL")
Change component parameters (AddParameter): Name = "DTEMP"; Value = ""; VariantName = "[No Variations]"
Change component parameters (AddParameter): Name = "SimulationGenericComponent"; Value = "True"; VariantName = "[No Variations]"
Change component parameters (AddParameter): Name = "T_REL_LOCAL"; Value = ""; VariantName = "[No Variations]"
Change component parameters (AddParameter): Name = "TC"; Value = ""; VariantName = "[No Variations]"
Change component parameters (AddParameter): Name = "TC1"; Value = "0"; VariantName = "[No Variations]"
Change component parameters (AddParameter): Name = "TC2"; Value = "0"; VariantName = "[No Variations]"
Change component parameters (AddParameter): Name = "TEMP"; Value = ""; VariantName = "[No Variations]"
Change component parameters (AddParameter): Name = "Value"; Value = "453K"; VariantName = "[No Variations]"
Change component parameters: Designator = "R8" ("R8"); Footprint = "RESC1005X40X25NL05T10"; UniqueID = "\LSKXPSCJ" ("\LSKXPSCJ")
Change component parameters (AddParameter): Name = "DTEMP"; Value = ""; VariantName = "[No Variations]"
Change component parameters (AddParameter): Name = "SimulationGenericComponent"; Value = "True"; VariantName = "[No Variations]"
Change component parameters (AddParameter): Name = "T_REL_LOCAL"; Value = ""; VariantName = "[No Variations]"
Change component parameters (AddParameter): Name = "TC"; Value = ""; VariantName = "[No Variations]"
Change component parameters (AddParameter): Name = "TC1"; Value = "0"; VariantName = "[No Variations]"
Change component parameters (AddParameter): Name = "TC2"; Value = "0"; VariantName = "[No Variations]"
Change component parameters (AddParameter): Name = "TEMP"; Value = ""; VariantName = "[No Variations]"
Change component parameters (AddParameter): Name = "Value"; Value = "10K"; VariantName = "[No Variations]"
Change component parameters: Designator = "R9" ("R9"); Footprint = "RESC1005X40X25NL05T10"; UniqueID = "\WMNBYCVS" ("\WMNBYCVS")
Change component parameters (AddParameter): Name = "DTEMP"; Value = ""; VariantName = "[No Variations]"
Change component parameters (AddParameter): Name = "SimulationGenericComponent"; Value = "True"; VariantName = "[No Variations]"
Change component parameters (AddParameter): Name = "T_REL_LOCAL"; Value = ""; VariantName = "[No Variations]"
Change component parameters (AddParameter): Name = "TC"; Value = ""; VariantName = "[No Variations]"
Change component parameters (AddParameter): Name = "TC1"; Value = "0"; VariantName = "[No Variations]"
Change component parameters (AddParameter): Name = "TC2"; Value = "0"; VariantName = "[No Variations]"
Change component parameters (AddParameter): Name = "TEMP"; Value = ""; VariantName = "[No Variations]"
Change component parameters (AddParameter): Name = "Value"; Value = "200K"; VariantName = "[No Variations]"
Change component parameters: Designator = "R10" ("R10"); Footprint = "RESC1005X40X25NL05T10"; UniqueID = "\MXGAQAYC" ("\MXGAQAYC")
Change component parameters (AddParameter): Name = "DTEMP"; Value = ""; VariantName = "[No Variations]"
Change component parameters (AddParameter): Name = "SimulationGenericComponent"; Value = "True"; VariantName = "[No Variations]"
Change component parameters (AddParameter): Name = "T_REL_LOCAL"; Value = ""; VariantName = "[No Variations]"
Change component parameters (AddParameter): Name = "TC"; Value = ""; VariantName = "[No Variations]"
Change component parameters (AddParameter): Name = "TC1"; Value = "0"; VariantName = "[No Variations]"
Change component parameters (AddParameter): Name = "TC2"; Value = "0"; VariantName = "[No Variations]"
Change component parameters (AddParameter): Name = "TEMP"; Value = ""; VariantName = "[No Variations]"
Change component parameters (AddParameter): Name = "Value"; Value = "200K"; VariantName = "[No Variations]"
Change component parameters: Designator = "R11" ("R11"); Footprint = "0402_PAN"; UniqueID = "\WMHVSQCC" ("\WMHVSQCC")
Change component parameters (AddParameter): Name = "DTEMP"; Value = ""; VariantName = "[No Variations]"
Change component parameters (AddParameter): Name = "SimulationGenericComponent"; Value = "True"; VariantName = "[No Variations]"
Change component parameters (AddParameter): Name = "T_REL_LOCAL"; Value = ""; VariantName = "[No Variations]"
Change component parameters (AddParameter): Name = "TC"; Value = ""; VariantName = "[No Variations]"
Change component parameters (AddParameter): Name = "TC1"; Value = "0"; VariantName = "[No Variations]"
Change component parameters (AddParameter): Name = "TC2"; Value = "0"; VariantName = "[No Variations]"
Change component parameters (AddParameter): Name = "TEMP"; Value = ""; VariantName = "[No Variations]"
Change component parameters (AddParameter): Name = "Value"; Value = "33.2K"; VariantName = "[No Variations]"
Change component parameters: Designator = "R12" ("R12"); Footprint = "0402_PAN"; UniqueID = "\LXOXBBYZ" ("\LXOXBBYZ")
Change component parameters (AddParameter): Name = "DTEMP"; Value = ""; VariantName = "[No Variations]"
Change component parameters (AddParameter): Name = "SimulationGenericComponent"; Value = "True"; VariantName = "[No Variations]"
Change component parameters (AddParameter): Name = "T_REL_LOCAL"; Value = ""; VariantName = "[No Variations]"
Change component parameters (AddParameter): Name = "TC"; Value = ""; VariantName = "[No Variations]"
Change component parameters (AddParameter): Name = "TC1"; Value = "0"; VariantName = "[No Variations]"
Change component parameters (AddParameter): Name = "TC2"; Value = "0"; VariantName = "[No Variations]"
Change component parameters (AddParameter): Name = "TEMP"; Value = ""; VariantName = "[No Variations]"
Change component parameters (AddParameter): Name = "Value"; Value = "33.2K"; VariantName = "[No Variations]"
Change component parameters: Designator = "R13" ("R13"); Footprint = "FP-RT0402-MFG"; UniqueID = "\DOKTVLMU" ("\DOKTVLMU")
Change component parameters (AddParameter): Name = "DTEMP"; Value = ""; VariantName = "[No Variations]"
Change component parameters (AddParameter): Name = "SimulationGenericComponent"; Value = "True"; VariantName = "[No Variations]"
Change component parameters (AddParameter): Name = "T_REL_LOCAL"; Value = ""; VariantName = "[No Variations]"
Change component parameters (AddParameter): Name = "TC"; Value = ""; VariantName = "[No Variations]"
Change component parameters (AddParameter): Name = "TC1"; Value = "0"; VariantName = "[No Variations]"
Change component parameters (AddParameter): Name = "TC2"; Value = "0"; VariantName = "[No Variations]"
Change component parameters (AddParameter): Name = "TEMP"; Value = ""; VariantName = "[No Variations]"
Change component parameters (AddParameter): Name = "Value"; Value = "8.2K"; VariantName = "[No Variations]"
Change component parameters: Designator = "R14" ("R14"); Footprint = "RESC1005X40X25NL10T10"; UniqueID = "\TCQWPDDQ" ("\TCQWPDDQ")
Change component parameters (AddParameter): Name = "DTEMP"; Value = ""; VariantName = "[No Variations]"
Change component parameters (AddParameter): Name = "SimulationGenericComponent"; Value = "True"; VariantName = "[No Variations]"
Change component parameters (AddParameter): Name = "T_REL_LOCAL"; Value = ""; VariantName = "[No Variations]"
Change component parameters (AddParameter): Name = "TC"; Value = ""; VariantName = "[No Variations]"
Change component parameters (AddParameter): Name = "TC1"; Value = "0"; VariantName = "[No Variations]"
Change component parameters (AddParameter): Name = "TC2"; Value = "0"; VariantName = "[No Variations]"
Change component parameters (AddParameter): Name = "TEMP"; Value = ""; VariantName = "[No Variations]"
Change component parameters (AddParameter): Name = "Value"; Value = "300"; VariantName = "[No Variations]"
Change component parameters: Designator = "R15" ("R15"); Footprint = "0402_PAN"; UniqueID = "\VILBBZAW" ("\VILBBZAW")
Change component parameters (AddParameter): Name = "DTEMP"; Value = ""; VariantName = "[No Variations]"
Change component parameters (AddParameter): Name = "SimulationGenericComponent"; Value = "True"; VariantName = "[No Variations]"
Change component parameters (AddParameter): Name = "T_REL_LOCAL"; Value = ""; VariantName = "[No Variations]"
Change component parameters (AddParameter): Name = "TC"; Value = ""; VariantName = "[No Variations]"
Change component parameters (AddParameter): Name = "TC1"; Value = "0"; VariantName = "[No Variations]"
Change component parameters (AddParameter): Name = "TC2"; Value = "0"; VariantName = "[No Variations]"
Change component parameters (AddParameter): Name = "TEMP"; Value = ""; VariantName = "[No Variations]"
Change component parameters (AddParameter): Name = "Value"; Value = "37.4K"; VariantName = "[No Variations]"
Change component parameters: Designator = "R16" ("R16"); Footprint = "FP-ERA2A-MFG"; UniqueID = "\QKXFSEEC" ("\QKXFSEEC")
Change component parameters (AddParameter): Name = "DTEMP"; Value = ""; VariantName = "[No Variations]"
Change component parameters (AddParameter): Name = "SimulationGenericComponent"; Value = "True"; VariantName = "[No Variations]"
Change component parameters (AddParameter): Name = "T_REL_LOCAL"; Value = ""; VariantName = "[No Variations]"
Change component parameters (AddParameter): Name = "TC"; Value = ""; VariantName = "[No Variations]"
Change component parameters (AddParameter): Name = "TC1"; Value = "0"; VariantName = "[No Variations]"
Change component parameters (AddParameter): Name = "TC2"; Value = "0"; VariantName = "[No Variations]"
Change component parameters (AddParameter): Name = "TEMP"; Value = ""; VariantName = "[No Variations]"
Change component parameters (AddParameter): Name = "Value"; Value = "100K"; VariantName = "[No Variations]"
Change component parameters: Designator = "R17" ("R17"); Footprint = "ERA2AED122X"; UniqueID = "\FIVOMAVJ" ("\FIVOMAVJ")
Change component parameters (AddParameter): Name = "DTEMP"; Value = ""; VariantName = "[No Variations]"
Change component parameters (AddParameter): Name = "SimulationGenericComponent"; Value = "True"; VariantName = "[No Variations]"
Change component parameters (AddParameter): Name = "T_REL_LOCAL"; Value = ""; VariantName = "[No Variations]"
Change component parameters (AddParameter): Name = "TC"; Value = ""; VariantName = "[No Variations]"
Change component parameters (AddParameter): Name = "TC1"; Value = "0"; VariantName = "[No Variations]"
Change component parameters (AddParameter): Name = "TC2"; Value = "0"; VariantName = "[No Variations]"
Change component parameters (AddParameter): Name = "TEMP"; Value = ""; VariantName = "[No Variations]"
Change component parameters (AddParameter): Name = "Value"; Value = "73.2K"; VariantName = "[No Variations]"
Change component parameters: Designator = "R18" ("R18"); Footprint = "RESC1005X40X25NL10T10"; UniqueID = "\JMSDEWOK" ("\JMSDEWOK")
Change component parameters (AddParameter): Name = "DTEMP"; Value = ""; VariantName = "[No Variations]"
Change component parameters (AddParameter): Name = "SimulationGenericComponent"; Value = "True"; VariantName = "[No Variations]"
Change component parameters (AddParameter): Name = "T_REL_LOCAL"; Value = ""; VariantName = "[No Variations]"
Change component parameters (AddParameter): Name = "TC"; Value = ""; VariantName = "[No Variations]"
Change component parameters (AddParameter): Name = "TC1"; Value = "0"; VariantName = "[No Variations]"
Change component parameters (AddParameter): Name = "TC2"; Value = "0"; VariantName = "[No Variations]"
Change component parameters (AddParameter): Name = "TEMP"; Value = ""; VariantName = "[No Variations]"
Change component parameters (AddParameter): Name = "Value"; Value = "750"; VariantName = "[No Variations]"
Change component parameters: Designator = "R19" ("R19"); Footprint = "RESC1005X40X25NL10T10"; UniqueID = "\DBGMIIBK" ("\DBGMIIBK")
Change component parameters (AddParameter): Name = "DTEMP"; Value = ""; VariantName = "[No Variations]"
Change component parameters (AddParameter): Name = "SimulationGenericComponent"; Value = "True"; VariantName = "[No Variations]"
Change component parameters (AddParameter): Name = "T_REL_LOCAL"; Value = ""; VariantName = "[No Variations]"
Change component parameters (AddParameter): Name = "TC"; Value = ""; VariantName = "[No Variations]"
Change component parameters (AddParameter): Name = "TC1"; Value = "0"; VariantName = "[No Variations]"
Change component parameters (AddParameter): Name = "TC2"; Value = "0"; VariantName = "[No Variations]"
Change component parameters (AddParameter): Name = "TEMP"; Value = ""; VariantName = "[No Variations]"
Change component parameters (AddParameter): Name = "Value"; Value = "750"; VariantName = "[No Variations]"
Change component parameters: Designator = "R20" ("R20"); Footprint = "FP-RT0402-MFG"; UniqueID = "\ULJKXHTG" ("\ULJKXHTG")
Change component parameters (AddParameter): Name = "DTEMP"; Value = ""; VariantName = "[No Variations]"
Change component parameters (AddParameter): Name = "SimulationGenericComponent"; Value = "True"; VariantName = "[No Variations]"
Change component parameters (AddParameter): Name = "T_REL_LOCAL"; Value = ""; VariantName = "[No Variations]"
Change component parameters (AddParameter): Name = "TC"; Value = ""; VariantName = "[No Variations]"
Change component parameters (AddParameter): Name = "TC1"; Value = "0"; VariantName = "[No Variations]"
Change component parameters (AddParameter): Name = "TC2"; Value = "0"; VariantName = "[No Variations]"
Change component parameters (AddParameter): Name = "TEMP"; Value = ""; VariantName = "[No Variations]"
Change component parameters (AddParameter): Name = "Value"; Value = "7.5K"; VariantName = "[No Variations]"
Change component parameters: Designator = "R21" ("R21"); Footprint = "RESC3216X70X50NL20T25"; UniqueID = "\UTHGREQT" ("\UTHGREQT")
Change component parameters (AddParameter): Name = "DTEMP"; Value = ""; VariantName = "[No Variations]"
Change component parameters (AddParameter): Name = "SimulationGenericComponent"; Value = "True"; VariantName = "[No Variations]"
Change component parameters (AddParameter): Name = "T_REL_LOCAL"; Value = ""; VariantName = "[No Variations]"
Change component parameters (AddParameter): Name = "TC"; Value = ""; VariantName = "[No Variations]"
Change component parameters (AddParameter): Name = "TC1"; Value = "0"; VariantName = "[No Variations]"
Change component parameters (AddParameter): Name = "TC2"; Value = "0"; VariantName = "[No Variations]"
Change component parameters (AddParameter): Name = "TEMP"; Value = ""; VariantName = "[No Variations]"
Change component parameters (AddParameter): Name = "Value"; Value = "1M"; VariantName = "[No Variations]"
Change component parameters: Designator = "R22" ("R22"); Footprint = "0402_PAN"; UniqueID = "\GUDFCTOL" ("\GUDFCTOL")
Change component parameters (AddParameter): Name = "DTEMP"; Value = ""; VariantName = "[No Variations]"
Change component parameters (AddParameter): Name = "SimulationGenericComponent"; Value = "True"; VariantName = "[No Variations]"
Change component parameters (AddParameter): Name = "T_REL_LOCAL"; Value = ""; VariantName = "[No Variations]"
Change component parameters (AddParameter): Name = "TC"; Value = ""; VariantName = "[No Variations]"
Change component parameters (AddParameter): Name = "TC1"; Value = "0"; VariantName = "[No Variations]"
Change component parameters (AddParameter): Name = "TC2"; Value = "0"; VariantName = "[No Variations]"
Change component parameters (AddParameter): Name = "TEMP"; Value = ""; VariantName = "[No Variations]"
Change component parameters (AddParameter): Name = "Value"; Value = "49.9K"; VariantName = "[No Variations]"
Change component parameters: Designator = "R23" ("R23"); Footprint = "0402_PAN"; UniqueID = "\CHKLGDTP" ("\CHKLGDTP")
Change component parameters (AddParameter): Name = "DTEMP"; Value = ""; VariantName = "[No Variations]"
Change component parameters (AddParameter): Name = "SimulationGenericComponent"; Value = "True"; VariantName = "[No Variations]"
Change component parameters (AddParameter): Name = "T_REL_LOCAL"; Value = ""; VariantName = "[No Variations]"
Change component parameters (AddParameter): Name = "TC"; Value = ""; VariantName = "[No Variations]"
Change component parameters (AddParameter): Name = "TC1"; Value = "0"; VariantName = "[No Variations]"
Change component parameters (AddParameter): Name = "TC2"; Value = "0"; VariantName = "[No Variations]"
Change component parameters (AddParameter): Name = "TEMP"; Value = ""; VariantName = "[No Variations]"
Change component parameters (AddParameter): Name = "Value"; Value = "49.9K"; VariantName = "[No Variations]"
Change component parameters: Designator = "R24" ("R24"); Footprint = "FP-ERA2A-MFG"; UniqueID = "\SQKMDQVY" ("\SQKMDQVY")
Change component parameters (AddParameter): Name = "DTEMP"; Value = ""; VariantName = "[No Variations]"
Change component parameters (AddParameter): Name = "SimulationGenericComponent"; Value = "True"; VariantName = "[No Variations]"
Change component parameters (AddParameter): Name = "T_REL_LOCAL"; Value = ""; VariantName = "[No Variations]"
Change component parameters (AddParameter): Name = "TC"; Value = ""; VariantName = "[No Variations]"
Change component parameters (AddParameter): Name = "TC1"; Value = "0"; VariantName = "[No Variations]"
Change component parameters (AddParameter): Name = "TC2"; Value = "0"; VariantName = "[No Variations]"
Change component parameters (AddParameter): Name = "TEMP"; Value = ""; VariantName = "[No Variations]"
Change component parameters (AddParameter): Name = "Value"; Value = "100K"; VariantName = "[No Variations]"
Change component parameters: Designator = "R25" ("R25"); Footprint = "FP-ERA2A-MFG"; UniqueID = "\ZAKCRBWK" ("\ZAKCRBWK")
Change component parameters (AddParameter): Name = "DTEMP"; Value = ""; VariantName = "[No Variations]"
Change component parameters (AddParameter): Name = "SimulationGenericComponent"; Value = "True"; VariantName = "[No Variations]"
Change component parameters (AddParameter): Name = "T_REL_LOCAL"; Value = ""; VariantName = "[No Variations]"
Change component parameters (AddParameter): Name = "TC"; Value = ""; VariantName = "[No Variations]"
Change component parameters (AddParameter): Name = "TC1"; Value = "0"; VariantName = "[No Variations]"
Change component parameters (AddParameter): Name = "TC2"; Value = "0"; VariantName = "[No Variations]"
Change component parameters (AddParameter): Name = "TEMP"; Value = ""; VariantName = "[No Variations]"
Change component parameters (AddParameter): Name = "Value"; Value = "100K"; VariantName = "[No Variations]"
Change component parameters: Designator = "R26" ("R26"); Footprint = "RESC1005X40X25NL05T10"; UniqueID = "\PEQRQEVN" ("\PEQRQEVN")
Change component parameters (AddParameter): Name = "DTEMP"; Value = ""; VariantName = "[No Variations]"
Change component parameters (AddParameter): Name = "SimulationGenericComponent"; Value = "True"; VariantName = "[No Variations]"
Change component parameters (AddParameter): Name = "T_REL_LOCAL"; Value = ""; VariantName = "[No Variations]"
Change component parameters (AddParameter): Name = "TC"; Value = ""; VariantName = "[No Variations]"
Change component parameters (AddParameter): Name = "TC1"; Value = "0"; VariantName = "[No Variations]"
Change component parameters (AddParameter): Name = "TC2"; Value = "0"; VariantName = "[No Variations]"
Change component parameters (AddParameter): Name = "TEMP"; Value = ""; VariantName = "[No Variations]"
Change component parameters (AddParameter): Name = "Value"; Value = "60.4K"; VariantName = "[No Variations]"
Change component parameters: Designator = "R27" ("R27"); Footprint = "ERA2AED122X"; UniqueID = "\FXYTFXKU" ("\FXYTFXKU")
Change component parameters (AddParameter): Name = "DTEMP"; Value = ""; VariantName = "[No Variations]"
Change component parameters (AddParameter): Name = "SimulationGenericComponent"; Value = "True"; VariantName = "[No Variations]"
Change component parameters (AddParameter): Name = "T_REL_LOCAL"; Value = ""; VariantName = "[No Variations]"
Change component parameters (AddParameter): Name = "TC"; Value = ""; VariantName = "[No Variations]"
Change component parameters (AddParameter): Name = "TC1"; Value = "0"; VariantName = "[No Variations]"
Change component parameters (AddParameter): Name = "TC2"; Value = "0"; VariantName = "[No Variations]"
Change component parameters (AddParameter): Name = "TEMP"; Value = ""; VariantName = "[No Variations]"
Change component parameters (AddParameter): Name = "Value"; Value = "768"; VariantName = "[No Variations]"
Change component parameters: Designator = "R28" ("R28"); Footprint = "FP-ERA2A-MFG"; UniqueID = "\OKAFMXQC" ("\OKAFMXQC")
Change component parameters (AddParameter): Name = "DTEMP"; Value = ""; VariantName = "[No Variations]"
Change component parameters (AddParameter): Name = "SimulationGenericComponent"; Value = "True"; VariantName = "[No Variations]"
Change component parameters (AddParameter): Name = "T_REL_LOCAL"; Value = ""; VariantName = "[No Variations]"
Change component parameters (AddParameter): Name = "TC"; Value = ""; VariantName = "[No Variations]"
Change component parameters (AddParameter): Name = "TC1"; Value = "0"; VariantName = "[No Variations]"
Change component parameters (AddParameter): Name = "TC2"; Value = "0"; VariantName = "[No Variations]"
Change component parameters (AddParameter): Name = "TEMP"; Value = ""; VariantName = "[No Variations]"
Change component parameters (AddParameter): Name = "Value"; Value = "100K"; VariantName = "[No Variations]"
Change component parameters: Designator = "R29" ("R29"); Footprint = "RESC1005X40X25NL05T10"; UniqueID = "\HFREJURW" ("\HFREJURW")
Change component parameters (AddParameter): Name = "DTEMP"; Value = ""; VariantName = "[No Variations]"
Change component parameters (AddParameter): Name = "SimulationGenericComponent"; Value = "True"; VariantName = "[No Variations]"
Change component parameters (AddParameter): Name = "T_REL_LOCAL"; Value = ""; VariantName = "[No Variations]"
Change component parameters (AddParameter): Name = "TC"; Value = ""; VariantName = "[No Variations]"
Change component parameters (AddParameter): Name = "TC1"; Value = "0"; VariantName = "[No Variations]"
Change component parameters (AddParameter): Name = "TC2"; Value = "0"; VariantName = "[No Variations]"
Change component parameters (AddParameter): Name = "TEMP"; Value = ""; VariantName = "[No Variations]"
Change component parameters (AddParameter): Name = "Value"; Value = "10K"; VariantName = "[No Variations]"
Change component parameters: Designator = "R30" ("R30"); Footprint = "FP-RT0402-MFG"; UniqueID = "\VYSGCUFK" ("\VYSGCUFK")
Change component parameters (AddParameter): Name = "DTEMP"; Value = ""; VariantName = "[No Variations]"
Change component parameters (AddParameter): Name = "SimulationGenericComponent"; Value = "True"; VariantName = "[No Variations]"
Change component parameters (AddParameter): Name = "T_REL_LOCAL"; Value = ""; VariantName = "[No Variations]"
Change component parameters (AddParameter): Name = "TC"; Value = ""; VariantName = "[No Variations]"
Change component parameters (AddParameter): Name = "TC1"; Value = "0"; VariantName = "[No Variations]"
Change component parameters (AddParameter): Name = "TC2"; Value = "0"; VariantName = "[No Variations]"
Change component parameters (AddParameter): Name = "TEMP"; Value = ""; VariantName = "[No Variations]"
Change component parameters (AddParameter): Name = "Value"; Value = "33"; VariantName = "[No Variations]"
Change component parameters: Designator = "R31" ("R31"); Footprint = "ERA2AED122X"; UniqueID = "\WIGMPUYR" ("\WIGMPUYR")
Change component parameters (AddParameter): Name = "DTEMP"; Value = ""; VariantName = "[No Variations]"
Change component parameters (AddParameter): Name = "SimulationGenericComponent"; Value = "True"; VariantName = "[No Variations]"
Change component parameters (AddParameter): Name = "T_REL_LOCAL"; Value = ""; VariantName = "[No Variations]"
Change component parameters (AddParameter): Name = "TC"; Value = ""; VariantName = "[No Variations]"
Change component parameters (AddParameter): Name = "TC1"; Value = "0"; VariantName = "[No Variations]"
Change component parameters (AddParameter): Name = "TC2"; Value = "0"; VariantName = "[No Variations]"
Change component parameters (AddParameter): Name = "TEMP"; Value = ""; VariantName = "[No Variations]"
Change component parameters (AddParameter): Name = "Value"; Value = "768"; VariantName = "[No Variations]"
Change component parameters: Designator = "R32" ("R32"); Footprint = "FP-RT0402-MFG"; UniqueID = "\UFVKJLFG" ("\UFVKJLFG")
Change component parameters (AddParameter): Name = "DTEMP"; Value = ""; VariantName = "[No Variations]"
Change component parameters (AddParameter): Name = "SimulationGenericComponent"; Value = "True"; VariantName = "[No Variations]"
Change component parameters (AddParameter): Name = "T_REL_LOCAL"; Value = ""; VariantName = "[No Variations]"
Change component parameters (AddParameter): Name = "TC"; Value = ""; VariantName = "[No Variations]"
Change component parameters (AddParameter): Name = "TC1"; Value = "0"; VariantName = "[No Variations]"
Change component parameters (AddParameter): Name = "TC2"; Value = "0"; VariantName = "[No Variations]"
Change component parameters (AddParameter): Name = "TEMP"; Value = ""; VariantName = "[No Variations]"
Change component parameters (AddParameter): Name = "Value"; Value = "33"; VariantName = "[No Variations]"
Change component parameters: Designator = "R33" ("R33"); Footprint = "RESC1005X40X25NL05T10"; UniqueID = "\DAKZBNKH" ("\DAKZBNKH")
Change component parameters (AddParameter): Name = "DTEMP"; Value = ""; VariantName = "[No Variations]"
Change component parameters (AddParameter): Name = "SimulationGenericComponent"; Value = "True"; VariantName = "[No Variations]"
Change component parameters (AddParameter): Name = "T_REL_LOCAL"; Value = ""; VariantName = "[No Variations]"
Change component parameters (AddParameter): Name = "TC"; Value = ""; VariantName = "[No Variations]"
Change component parameters (AddParameter): Name = "TC1"; Value = "0"; VariantName = "[No Variations]"
Change component parameters (AddParameter): Name = "TC2"; Value = "0"; VariantName = "[No Variations]"
Change component parameters (AddParameter): Name = "TEMP"; Value = ""; VariantName = "[No Variations]"
Change component parameters (AddParameter): Name = "Value"; Value = "4.7K"; VariantName = "[No Variations]"
Change component parameters: Designator = "R34" ("R34"); Footprint = "RESC1005X40X25NL05T10"; UniqueID = "\VSUENJLJ" ("\VSUENJLJ")
Change component parameters (AddParameter): Name = "DTEMP"; Value = ""; VariantName = "[No Variations]"
Change component parameters (AddParameter): Name = "SimulationGenericComponent"; Value = "True"; VariantName = "[No Variations]"
Change component parameters (AddParameter): Name = "T_REL_LOCAL"; Value = ""; VariantName = "[No Variations]"
Change component parameters (AddParameter): Name = "TC"; Value = ""; VariantName = "[No Variations]"
Change component parameters (AddParameter): Name = "TC1"; Value = "0"; VariantName = "[No Variations]"
Change component parameters (AddParameter): Name = "TC2"; Value = "0"; VariantName = "[No Variations]"
Change component parameters (AddParameter): Name = "TEMP"; Value = ""; VariantName = "[No Variations]"
Change component parameters (AddParameter): Name = "Value"; Value = "4.7K"; VariantName = "[No Variations]"
Change component parameters: Designator = "R35" ("R35"); Footprint = "FP-RT0402-MFG"; UniqueID = "\TEHMHWXN" ("\TEHMHWXN")
Change component parameters (AddParameter): Name = "DTEMP"; Value = ""; VariantName = "[No Variations]"
Change component parameters (AddParameter): Name = "SimulationGenericComponent"; Value = "True"; VariantName = "[No Variations]"
Change component parameters (AddParameter): Name = "T_REL_LOCAL"; Value = ""; VariantName = "[No Variations]"
Change component parameters (AddParameter): Name = "TC"; Value = ""; VariantName = "[No Variations]"
Change component parameters (AddParameter): Name = "TC1"; Value = "0"; VariantName = "[No Variations]"
Change component parameters (AddParameter): Name = "TC2"; Value = "0"; VariantName = "[No Variations]"
Change component parameters (AddParameter): Name = "TEMP"; Value = ""; VariantName = "[No Variations]"
Change component parameters (AddParameter): Name = "Value"; Value = "33"; VariantName = "[No Variations]"
Change component parameters: Designator = "R36" ("R36"); Footprint = "0402_PAN"; UniqueID = "\EHZYVRWJ" ("\EHZYVRWJ")
Change component parameters (AddParameter): Name = "DTEMP"; Value = ""; VariantName = "[No Variations]"
Change component parameters (AddParameter): Name = "SimulationGenericComponent"; Value = "True"; VariantName = "[No Variations]"
Change component parameters (AddParameter): Name = "T_REL_LOCAL"; Value = ""; VariantName = "[No Variations]"
Change component parameters (AddParameter): Name = "TC"; Value = ""; VariantName = "[No Variations]"
Change component parameters (AddParameter): Name = "TC1"; Value = "0"; VariantName = "[No Variations]"
Change component parameters (AddParameter): Name = "TC2"; Value = "0"; VariantName = "[No Variations]"
Change component parameters (AddParameter): Name = "TEMP"; Value = ""; VariantName = "[No Variations]"
Change component parameters (AddParameter): Name = "Value"; Value = "499"; VariantName = "[No Variations]"
Change component parameters: Designator = "R37" ("R37"); Footprint = "RESC1005X40X25NL05T10"; UniqueID = "\TQCUCCCL" ("\TQCUCCCL")
Change component parameters (AddParameter): Name = "DTEMP"; Value = ""; VariantName = "[No Variations]"
Change component parameters (AddParameter): Name = "SimulationGenericComponent"; Value = "True"; VariantName = "[No Variations]"
Change component parameters (AddParameter): Name = "T_REL_LOCAL"; Value = ""; VariantName = "[No Variations]"
Change component parameters (AddParameter): Name = "TC"; Value = ""; VariantName = "[No Variations]"
Change component parameters (AddParameter): Name = "TC1"; Value = "0"; VariantName = "[No Variations]"
Change component parameters (AddParameter): Name = "TC2"; Value = "0"; VariantName = "[No Variations]"
Change component parameters (AddParameter): Name = "TEMP"; Value = ""; VariantName = "[No Variations]"
Change component parameters (AddParameter): Name = "Value"; Value = "10K"; VariantName = "[No Variations]"
Change component parameters: Designator = "R38" ("R38"); Footprint = "0402_PAN"; UniqueID = "\YKONLCTE" ("\YKONLCTE")
Change component parameters (AddParameter): Name = "DTEMP"; Value = ""; VariantName = "[No Variations]"
Change component parameters (AddParameter): Name = "SimulationGenericComponent"; Value = "True"; VariantName = "[No Variations]"
Change component parameters (AddParameter): Name = "T_REL_LOCAL"; Value = ""; VariantName = "[No Variations]"
Change component parameters (AddParameter): Name = "TC"; Value = ""; VariantName = "[No Variations]"
Change component parameters (AddParameter): Name = "TC1"; Value = "0"; VariantName = "[No Variations]"
Change component parameters (AddParameter): Name = "TC2"; Value = "0"; VariantName = "[No Variations]"
Change component parameters (AddParameter): Name = "TEMP"; Value = ""; VariantName = "[No Variations]"
Change component parameters (AddParameter): Name = "Value"; Value = "499"; VariantName = "[No Variations]"
Change component parameters: Designator = "R39" ("R39"); Footprint = "RESC1005X40X25NL05T10"; UniqueID = "\VKLHXYZX" ("\VKLHXYZX")
Change component parameters (AddParameter): Name = "DTEMP"; Value = ""; VariantName = "[No Variations]"
Change component parameters (AddParameter): Name = "SimulationGenericComponent"; Value = "True"; VariantName = "[No Variations]"
Change component parameters (AddParameter): Name = "T_REL_LOCAL"; Value = ""; VariantName = "[No Variations]"
Change component parameters (AddParameter): Name = "TC"; Value = ""; VariantName = "[No Variations]"
Change component parameters (AddParameter): Name = "TC1"; Value = "0"; VariantName = "[No Variations]"
Change component parameters (AddParameter): Name = "TC2"; Value = "0"; VariantName = "[No Variations]"
Change component parameters (AddParameter): Name = "TEMP"; Value = ""; VariantName = "[No Variations]"
Change component parameters (AddParameter): Name = "Value"; Value = "10K"; VariantName = "[No Variations]"
Change component parameters: Designator = "R40" ("R40"); Footprint = "RESC1005X40X25NL05T10"; UniqueID = "\PXZUVOYK" ("\PXZUVOYK")
Change component parameters (AddParameter): Name = "DTEMP"; Value = ""; VariantName = "[No Variations]"
Change component parameters (AddParameter): Name = "SimulationGenericComponent"; Value = "True"; VariantName = "[No Variations]"
Change component parameters (AddParameter): Name = "T_REL_LOCAL"; Value = ""; VariantName = "[No Variations]"
Change component parameters (AddParameter): Name = "TC"; Value = ""; VariantName = "[No Variations]"
Change component parameters (AddParameter): Name = "TC1"; Value = "0"; VariantName = "[No Variations]"
Change component parameters (AddParameter): Name = "TC2"; Value = "0"; VariantName = "[No Variations]"
Change component parameters (AddParameter): Name = "TEMP"; Value = ""; VariantName = "[No Variations]"
Change component parameters (AddParameter): Name = "Value"; Value = "10K"; VariantName = "[No Variations]"
Change component parameters: Designator = "R41" ("R41"); Footprint = "RESC1005X40X25NL05T10"; UniqueID = "\GXHBFUVR" ("\GXHBFUVR")
Change component parameters (AddParameter): Name = "DTEMP"; Value = ""; VariantName = "[No Variations]"
Change component parameters (AddParameter): Name = "SimulationGenericComponent"; Value = "True"; VariantName = "[No Variations]"
Change component parameters (AddParameter): Name = "T_REL_LOCAL"; Value = ""; VariantName = "[No Variations]"
Change component parameters (AddParameter): Name = "TC"; Value = ""; VariantName = "[No Variations]"
Change component parameters (AddParameter): Name = "TC1"; Value = "0"; VariantName = "[No Variations]"
Change component parameters (AddParameter): Name = "TC2"; Value = "0"; VariantName = "[No Variations]"
Change component parameters (AddParameter): Name = "TEMP"; Value = ""; VariantName = "[No Variations]"
Change component parameters (AddParameter): Name = "Value"; Value = "10K"; VariantName = "[No Variations]"
Change component parameters: Designator = "R42" ("R42"); Footprint = "0402_PAN"; UniqueID = "\IALMAXDJ" ("\IALMAXDJ")
Change component parameters (AddParameter): Name = "DTEMP"; Value = ""; VariantName = "[No Variations]"
Change component parameters (AddParameter): Name = "SimulationGenericComponent"; Value = "True"; VariantName = "[No Variations]"
Change component parameters (AddParameter): Name = "T_REL_LOCAL"; Value = ""; VariantName = "[No Variations]"
Change component parameters (AddParameter): Name = "TC"; Value = ""; VariantName = "[No Variations]"
Change component parameters (AddParameter): Name = "TC1"; Value = "0"; VariantName = "[No Variations]"
Change component parameters (AddParameter): Name = "TC2"; Value = "0"; VariantName = "[No Variations]"
Change component parameters (AddParameter): Name = "TEMP"; Value = ""; VariantName = "[No Variations]"
Change component parameters (AddParameter): Name = "Value"; Value = "499"; VariantName = "[No Variations]"
Change component parameters: Designator = "R43" ("R43"); Footprint = "RESC1005X40X25NL05T10"; UniqueID = "\ZFQBVEOU" ("\ZFQBVEOU")
Change component parameters (AddParameter): Name = "DTEMP"; Value = ""; VariantName = "[No Variations]"
Change component parameters (AddParameter): Name = "SimulationGenericComponent"; Value = "True"; VariantName = "[No Variations]"
Change component parameters (AddParameter): Name = "T_REL_LOCAL"; Value = ""; VariantName = "[No Variations]"
Change component parameters (AddParameter): Name = "TC"; Value = ""; VariantName = "[No Variations]"
Change component parameters (AddParameter): Name = "TC1"; Value = "0"; VariantName = "[No Variations]"
Change component parameters (AddParameter): Name = "TC2"; Value = "0"; VariantName = "[No Variations]"
Change component parameters (AddParameter): Name = "TEMP"; Value = ""; VariantName = "[No Variations]"
Change component parameters (AddParameter): Name = "Value"; Value = "10K"; VariantName = "[No Variations]"
Change component parameters: Designator = "R44" ("R44"); Footprint = "0402_PAN"; UniqueID = "\ZGULCNII" ("\ZGULCNII")
Change component parameters (AddParameter): Name = "DTEMP"; Value = ""; VariantName = "[No Variations]"
Change component parameters (AddParameter): Name = "SimulationGenericComponent"; Value = "True"; VariantName = "[No Variations]"
Change component parameters (AddParameter): Name = "T_REL_LOCAL"; Value = ""; VariantName = "[No Variations]"
Change component parameters (AddParameter): Name = "TC"; Value = ""; VariantName = "[No Variations]"
Change component parameters (AddParameter): Name = "TC1"; Value = "0"; VariantName = "[No Variations]"
Change component parameters (AddParameter): Name = "TC2"; Value = "0"; VariantName = "[No Variations]"
Change component parameters (AddParameter): Name = "TEMP"; Value = ""; VariantName = "[No Variations]"
Change component parameters (AddParameter): Name = "Value"; Value = "499"; VariantName = "[No Variations]"
Change component parameters: Designator = "R45" ("R45"); Footprint = "FP-RT0402-MFG"; UniqueID = "\UDYJIGBH" ("\UDYJIGBH")
Change component parameters (AddParameter): Name = "DTEMP"; Value = ""; VariantName = "[No Variations]"
Change component parameters (AddParameter): Name = "SimulationGenericComponent"; Value = "True"; VariantName = "[No Variations]"
Change component parameters (AddParameter): Name = "T_REL_LOCAL"; Value = ""; VariantName = "[No Variations]"
Change component parameters (AddParameter): Name = "TC"; Value = ""; VariantName = "[No Variations]"
Change component parameters (AddParameter): Name = "TC1"; Value = "0"; VariantName = "[No Variations]"
Change component parameters (AddParameter): Name = "TC2"; Value = "0"; VariantName = "[No Variations]"
Change component parameters (AddParameter): Name = "TEMP"; Value = ""; VariantName = "[No Variations]"
Change component parameters (AddParameter): Name = "Value"; Value = "33"; VariantName = "[No Variations]"
Change component parameters: Designator = "R46" ("R46"); Footprint = "FP-RT0402-MFG"; UniqueID = "\ROGCXPMY" ("\ROGCXPMY")
Change component parameters (AddParameter): Name = "DTEMP"; Value = ""; VariantName = "[No Variations]"
Change component parameters (AddParameter): Name = "SimulationGenericComponent"; Value = "True"; VariantName = "[No Variations]"
Change component parameters (AddParameter): Name = "T_REL_LOCAL"; Value = ""; VariantName = "[No Variations]"
Change component parameters (AddParameter): Name = "TC"; Value = ""; VariantName = "[No Variations]"
Change component parameters (AddParameter): Name = "TC1"; Value = "0"; VariantName = "[No Variations]"
Change component parameters (AddParameter): Name = "TC2"; Value = "0"; VariantName = "[No Variations]"
Change component parameters (AddParameter): Name = "TEMP"; Value = ""; VariantName = "[No Variations]"
Change component parameters (AddParameter): Name = "Value"; Value = "33"; VariantName = "[No Variations]"
Change component parameters: Designator = "R47" ("R47"); Footprint = "ERA2AED122X"; UniqueID = "\MBRNNQFK" ("\MBRNNQFK")
Change component parameters (AddParameter): Name = "DTEMP"; Value = ""; VariantName = "[No Variations]"
Change component parameters (AddParameter): Name = "SimulationGenericComponent"; Value = "True"; VariantName = "[No Variations]"
Change component parameters (AddParameter): Name = "T_REL_LOCAL"; Value = ""; VariantName = "[No Variations]"
Change component parameters (AddParameter): Name = "TC"; Value = ""; VariantName = "[No Variations]"
Change component parameters (AddParameter): Name = "TC1"; Value = "0"; VariantName = "[No Variations]"
Change component parameters (AddParameter): Name = "TC2"; Value = "0"; VariantName = "[No Variations]"
Change component parameters (AddParameter): Name = "TEMP"; Value = ""; VariantName = "[No Variations]"
Change component parameters (AddParameter): Name = "Value"; Value = "768"; VariantName = "[No Variations]"
Change component parameters: Designator = "R48" ("R48"); Footprint = "ERA2AED122X"; UniqueID = "\LETURDBB" ("\LETURDBB")
Change component parameters (AddParameter): Name = "DTEMP"; Value = ""; VariantName = "[No Variations]"
Change component parameters (AddParameter): Name = "SimulationGenericComponent"; Value = "True"; VariantName = "[No Variations]"
Change component parameters (AddParameter): Name = "T_REL_LOCAL"; Value = ""; VariantName = "[No Variations]"
Change component parameters (AddParameter): Name = "TC"; Value = ""; VariantName = "[No Variations]"
Change component parameters (AddParameter): Name = "TC1"; Value = "0"; VariantName = "[No Variations]"
Change component parameters (AddParameter): Name = "TC2"; Value = "0"; VariantName = "[No Variations]"
Change component parameters (AddParameter): Name = "TEMP"; Value = ""; VariantName = "[No Variations]"
Change component parameters (AddParameter): Name = "Value"; Value = "768"; VariantName = "[No Variations]"
Change component parameters: Designator = "R49" ("R49"); Footprint = "FP-RT0402-0_35-MFG"; UniqueID = "\KBKGUVMY" ("\KBKGUVMY")
Change component parameters (AddParameter): Name = "DTEMP"; Value = ""; VariantName = "[No Variations]"
Change component parameters (AddParameter): Name = "SimulationGenericComponent"; Value = "True"; VariantName = "[No Variations]"
Change component parameters (AddParameter): Name = "T_REL_LOCAL"; Value = ""; VariantName = "[No Variations]"
Change component parameters (AddParameter): Name = "TC"; Value = ""; VariantName = "[No Variations]"
Change component parameters (AddParameter): Name = "TC1"; Value = "0"; VariantName = "[No Variations]"
Change component parameters (AddParameter): Name = "TC2"; Value = "0"; VariantName = "[No Variations]"
Change component parameters (AddParameter): Name = "TEMP"; Value = ""; VariantName = "[No Variations]"
Change component parameters (AddParameter): Name = "Value"; Value = "25"; VariantName = "[No Variations]"
Change component parameters: Designator = "R50" ("R50"); Footprint = "FP-RT0402-0_35-MFG"; UniqueID = "\PDALEXGZ" ("\PDALEXGZ")
Change component parameters (AddParameter): Name = "DTEMP"; Value = ""; VariantName = "[No Variations]"
Change component parameters (AddParameter): Name = "SimulationGenericComponent"; Value = "True"; VariantName = "[No Variations]"
Change component parameters (AddParameter): Name = "T_REL_LOCAL"; Value = ""; VariantName = "[No Variations]"
Change component parameters (AddParameter): Name = "TC"; Value = ""; VariantName = "[No Variations]"
Change component parameters (AddParameter): Name = "TC1"; Value = "0"; VariantName = "[No Variations]"
Change component parameters (AddParameter): Name = "TC2"; Value = "0"; VariantName = "[No Variations]"
Change component parameters (AddParameter): Name = "TEMP"; Value = ""; VariantName = "[No Variations]"
Change component parameters (AddParameter): Name = "Value"; Value = "25"; VariantName = "[No Variations]"
Change component parameters: Designator = "R51" ("R51"); Footprint = "RES_RS73F_2B_KOA"; UniqueID = "\VWYMMTQQ" ("\VWYMMTQQ")
Change component parameters (AddParameter): Name = "DTEMP"; Value = ""; VariantName = "[No Variations]"
Change component parameters (AddParameter): Name = "SimulationGenericComponent"; Value = "True"; VariantName = "[No Variations]"
Change component parameters (AddParameter): Name = "T_REL_LOCAL"; Value = ""; VariantName = "[No Variations]"
Change component parameters (AddParameter): Name = "TC"; Value = ""; VariantName = "[No Variations]"
Change component parameters (AddParameter): Name = "TC1"; Value = "0"; VariantName = "[No Variations]"
Change component parameters (AddParameter): Name = "TC2"; Value = "0"; VariantName = "[No Variations]"
Change component parameters (AddParameter): Name = "TEMP"; Value = ""; VariantName = "[No Variations]"
Change component parameters (AddParameter): Name = "Value"; Value = "270Ê"; VariantName = "[No Variations]"
Change component parameters: Designator = "R52" ("R52"); Footprint = "FP-ERA6A-MFG"; UniqueID = "\AZHNZACY" ("\AZHNZACY")
Change component parameters (AddParameter): Name = "DTEMP"; Value = ""; VariantName = "[No Variations]"
Change component parameters (AddParameter): Name = "SimulationGenericComponent"; Value = "True"; VariantName = "[No Variations]"
Change component parameters (AddParameter): Name = "T_REL_LOCAL"; Value = ""; VariantName = "[No Variations]"
Change component parameters (AddParameter): Name = "TC"; Value = ""; VariantName = "[No Variations]"
Change component parameters (AddParameter): Name = "TC1"; Value = "0"; VariantName = "[No Variations]"
Change component parameters (AddParameter): Name = "TC2"; Value = "0"; VariantName = "[No Variations]"
Change component parameters (AddParameter): Name = "TEMP"; Value = ""; VariantName = "[No Variations]"
Change component parameters (AddParameter): Name = "Value"; Value = "150Ê"; VariantName = "[No Variations]"
Change component parameters: Designator = "U1" ("U1"); Footprint = "RHL0020A_V"; UniqueID = "\gge3" ("\gge3")
Change component parameters (AddParameter): Name = "Add into BOM"; Value = "yes"; VariantName = "[No Variations]"
Change component parameters (AddParameter): Name = "Battery Temperature Detection"; Value = "Support"; VariantName = "[No Variations]"
Change component parameters (AddParameter): Name = "Channel ID"; Value = ""; VariantName = "[No Variations]"
Change component parameters (AddParameter): Name = "Charge Current - Max"; Value = "1.5A"; VariantName = "[No Variations]"
Change component parameters (AddParameter): Name = "Charging Saturation Voltage"; Value = "4.2V"; VariantName = "[No Variations]"
Change component parameters (AddParameter): Name = "Convert to PCB"; Value = "yes"; VariantName = "[No Variations]"
Change component parameters (AddParameter): Name = "Datasheet"; Value = "https://www.ti.com/cn/lit/gpn/bq24070"; VariantName = "[No Variations]"
Change component parameters (AddParameter): Name = "Device"; Value = "BQ24070RHLR"; VariantName = "[No Variations]"
Change component parameters (AddParameter): Name = "Group ID"; Value = ""; VariantName = "[No Variations]"
Change component parameters (AddParameter): Name = "JLCPCB Part Class"; Value = "Extended Part"; VariantName = "[No Variations]"
Change component parameters (AddParameter): Name = "LCSC Part Name"; Value = "?????????????????IC"; VariantName = "[No Variations]"
Change component parameters (AddParameter): Name = "Manufacturer"; Value = "TI(????)"; VariantName = "[No Variations]"
Change component parameters (AddParameter): Name = "Manufacturer Part"; Value = "BQ24070RHLR"; VariantName = "[No Variations]"
Change component parameters (AddParameter): Name = "Number of Cells"; Value = "1"; VariantName = "[No Variations]"
Change component parameters (AddParameter): Name = "Operating Temperature"; Value = "-40?~+125?"; VariantName = "[No Variations]"
Change component parameters (AddParameter): Name = "Reuse Block"; Value = ""; VariantName = "[No Variations]"
Change component parameters (AddParameter): Name = "Supplier"; Value = "LCSC"; VariantName = "[No Variations]"
Change component parameters (AddParameter): Name = "Supplier Footprint"; Value = "QFN-20-EP(3.7x4.7)"; VariantName = "[No Variations]"
Change component parameters (AddParameter): Name = "Supplier Part"; Value = "C6514"; VariantName = "[No Variations]"
Change component parameters (AddParameter): Name = "Supply Current (Iq)"; Value = "1mA"; VariantName = "[No Variations]"
Change component parameters (AddParameter): Name = "Symbol"; Value = "BQ24070RHLR"; VariantName = "[No Variations]"
Change component parameters (AddParameter): Name = "The Chip Type"; Value = "Charging IC"; VariantName = "[No Variations]"
Change component parameters (AddParameter): Name = "Type of Battery"; Value = "Lithium Battery"; VariantName = "[No Variations]"
Change component parameters (AddParameter): Name = "Voltage - Supply"; Value = "4.35V~16V"; VariantName = "[No Variations]"
Change component parameters: Designator = "U2" ("U2"); Footprint = "CP-20-8_ADI"; UniqueID = "\VEWPVYGY" ("\VEWPVYGY")
Change component parameters (AddParameter): Name = "Copyright"; Value = "Copyright (C) 2025 Ultra Librarian. All rights reserved."; VariantName = "[No Variations]"
Change component parameters (AddParameter): Name = "Manufacturer_Name"; Value = "Analog Devices Inc"; VariantName = "[No Variations]"
Change component parameters (AddParameter): Name = "Manufacturer_Part_Number"; Value = "ADP5070ACPZ"; VariantName = "[No Variations]"
Change component parameters (AddParameter): Name = "RefDes"; Value = "RefDes"; VariantName = "[No Variations]"
Change component parameters (AddParameter): Name = "Type"; Value = "Power Management"; VariantName = "[No Variations]"
Change component parameters: Designator = "U3" ("U3"); Footprint = "SON45P300X300X80-13N"; UniqueID = "\UMALIUJM" ("\UMALIUJM")
Change component parameters (AddParameter): Name = "Availability"; Value = "In Stock"; VariantName = "[No Variations]"
Change component parameters (AddParameter): Name = "Check_prices"; Value = "https://www.snapeda.com/parts/LT3094HDD%23TRPBF/Analog+Devices/view-part/?ref=eda"; VariantName = "[No Variations]"
Change component parameters (AddParameter): Name = "MF"; Value = "Analog Devices"; VariantName = "[No Variations]"
Change component parameters (AddParameter): Name = "MP"; Value = "LT3094HDD#TRPBF"; VariantName = "[No Variations]"
Change component parameters (AddParameter): Name = "Package"; Value = "DFN -12 Analog Devices"; VariantName = "[No Variations]"
Change component parameters (AddParameter): Name = "Price"; Value = "None"; VariantName = "[No Variations]"
Change component parameters (AddParameter): Name = "Purchase-URL"; Value = "https://pricing.snapeda.com/search?q=LT3094HDD#TRPBF&ref=eda"; VariantName = "[No Variations]"
Change component parameters (AddParameter): Name = "SnapEDA_Link"; Value = "https://www.snapeda.com/parts/LT3094HDD%23TRPBF/Analog+Devices/view-part/?ref=snap"; VariantName = "[No Variations]"
Change component parameters (AddParameter): Name = "Value"; Value = ""; VariantName = "[No Variations]"
Change component parameters: Designator = "U5" ("U5"); Footprint = "FP-DD-10-05-08-1699-MFG"; UniqueID = "\GGKSFLTW" ("\GGKSFLTW")
Change component parameters (AddParameter): Name = "Add into BOM"; Value = "yes"; VariantName = "[No Variations]"
Change component parameters (AddParameter): Name = "Channel ID"; Value = ""; VariantName = "[No Variations]"
Change component parameters (AddParameter): Name = "Convert to PCB"; Value = "yes"; VariantName = "[No Variations]"
Change component parameters (AddParameter): Name = "Datasheet"; Value = "https://item.szlcsc.com/datasheet/LT3045IDD%2523PBF/607790.html"; VariantName = "[No Variations]"
Change component parameters (AddParameter): Name = "Device"; Value = "LT3045IDD#PBF"; VariantName = "[No Variations]"
Change component parameters (AddParameter): Name = "Features"; Value = "Short Circuit Protection;Over Current Protection;Reverse Polarity Protection;Over Temperature Protection"; VariantName = "[No Variations]"
Change component parameters (AddParameter): Name = "Group ID"; Value = ""; VariantName = "[No Variations]"
Change component parameters (AddParameter): Name = "JLCPCB Part Class"; Value = "Extended Part"; VariantName = "[No Variations]"
Change component parameters (AddParameter): Name = "LCSC Part Name"; Value = "20V?500mA????????PSRR?????"; VariantName = "[No Variations]"
Change component parameters (AddParameter): Name = "Manufacturer"; Value = "ADI(???)"; VariantName = "[No Variations]"
Change component parameters (AddParameter): Name = "Manufacturer Part"; Value = "LT3045IDD#PBF"; VariantName = "[No Variations]"
Change component parameters (AddParameter): Name = "Noise"; Value = "0.8uVrms"; VariantName = "[No Variations]"
Change component parameters (AddParameter): Name = "Number of Outputs"; Value = "1"; VariantName = "[No Variations]"
Change component parameters (AddParameter): Name = "Operating Temperature"; Value = "-40?~+125?@(Tj)"; VariantName = "[No Variations]"
Change component parameters (AddParameter): Name = "Output Configuration"; Value = "Positive"; VariantName = "[No Variations]"
Change component parameters (AddParameter): Name = "Output Current"; Value = "500mA"; VariantName = "[No Variations]"
Change component parameters (AddParameter): Name = "Output Type"; Value = "Adjustable"; VariantName = "[No Variations]"
Change component parameters (AddParameter): Name = "Output Voltage"; Value = "0V~15V"; VariantName = "[No Variations]"
Change component parameters (AddParameter): Name = "Power Supply Rejection Ratio (PSRR)"; Value = "76dB@(1MHz)"; VariantName = "[No Variations]"
Change component parameters (AddParameter): Name = "Reuse Block"; Value = ""; VariantName = "[No Variations]"
Change component parameters (AddParameter): Name = "standby current"; Value = "2.2mA"; VariantName = "[No Variations]"
Change component parameters (AddParameter): Name = "Supplier"; Value = "LCSC"; VariantName = "[No Variations]"
Change component parameters (AddParameter): Name = "Supplier Footprint"; Value = "DFN-10-EP(3x3)"; VariantName = "[No Variations]"
Change component parameters (AddParameter): Name = "Supplier Part"; Value = "C580013"; VariantName = "[No Variations]"
Change component parameters (AddParameter): Name = "Symbol"; Value = "LT3045IDD#PBF"; VariantName = "[No Variations]"
Change component parameters (AddParameter): Name = "Voltage - Supply"; Value = "20V"; VariantName = "[No Variations]"
Change component parameters (AddParameter): Name = "Voltage Dropout"; Value = "350mV@(500mA)"; VariantName = "[No Variations]"
Change component parameters: Designator = "U6" ("U6"); Footprint = "FP-DD-10-05-08-1699-MFG"; UniqueID = "\PMOWYCTQ" ("\PMOWYCTQ")
Change component parameters (AddParameter): Name = "Add into BOM"; Value = "yes"; VariantName = "[No Variations]"
Change component parameters (AddParameter): Name = "Channel ID"; Value = ""; VariantName = "[No Variations]"
Change component parameters (AddParameter): Name = "Convert to PCB"; Value = "yes"; VariantName = "[No Variations]"
Change component parameters (AddParameter): Name = "Datasheet"; Value = "https://item.szlcsc.com/datasheet/LT3045IDD%2523PBF/607790.html"; VariantName = "[No Variations]"
Change component parameters (AddParameter): Name = "Device"; Value = "LT3045IDD#PBF"; VariantName = "[No Variations]"
Change component parameters (AddParameter): Name = "Features"; Value = "Short Circuit Protection;Over Current Protection;Reverse Polarity Protection;Over Temperature Protection"; VariantName = "[No Variations]"
Change component parameters (AddParameter): Name = "Group ID"; Value = ""; VariantName = "[No Variations]"
Change component parameters (AddParameter): Name = "JLCPCB Part Class"; Value = "Extended Part"; VariantName = "[No Variations]"
Change component parameters (AddParameter): Name = "LCSC Part Name"; Value = "20V?500mA????????PSRR?????"; VariantName = "[No Variations]"
Change component parameters (AddParameter): Name = "Manufacturer"; Value = "ADI(???)"; VariantName = "[No Variations]"
Change component parameters (AddParameter): Name = "Manufacturer Part"; Value = "LT3045IDD#PBF"; VariantName = "[No Variations]"
Change component parameters (AddParameter): Name = "Noise"; Value = "0.8uVrms"; VariantName = "[No Variations]"
Change component parameters (AddParameter): Name = "Number of Outputs"; Value = "1"; VariantName = "[No Variations]"
Change component parameters (AddParameter): Name = "Operating Temperature"; Value = "-40?~+125?@(Tj)"; VariantName = "[No Variations]"
Change component parameters (AddParameter): Name = "Output Configuration"; Value = "Positive"; VariantName = "[No Variations]"
Change component parameters (AddParameter): Name = "Output Current"; Value = "500mA"; VariantName = "[No Variations]"
Change component parameters (AddParameter): Name = "Output Type"; Value = "Adjustable"; VariantName = "[No Variations]"
Change component parameters (AddParameter): Name = "Output Voltage"; Value = "0V~15V"; VariantName = "[No Variations]"
Change component parameters (AddParameter): Name = "Power Supply Rejection Ratio (PSRR)"; Value = "76dB@(1MHz)"; VariantName = "[No Variations]"
Change component parameters (AddParameter): Name = "Reuse Block"; Value = ""; VariantName = "[No Variations]"
Change component parameters (AddParameter): Name = "standby current"; Value = "2.2mA"; VariantName = "[No Variations]"
Change component parameters (AddParameter): Name = "Supplier"; Value = "LCSC"; VariantName = "[No Variations]"
Change component parameters (AddParameter): Name = "Supplier Footprint"; Value = "DFN-10-EP(3x3)"; VariantName = "[No Variations]"
Change component parameters (AddParameter): Name = "Supplier Part"; Value = "C580013"; VariantName = "[No Variations]"
Change component parameters (AddParameter): Name = "Symbol"; Value = "LT3045IDD#PBF"; VariantName = "[No Variations]"
Change component parameters (AddParameter): Name = "Voltage - Supply"; Value = "20V"; VariantName = "[No Variations]"
Change component parameters (AddParameter): Name = "Voltage Dropout"; Value = "350mV@(500mA)"; VariantName = "[No Variations]"
Change component parameters: Designator = "U7" ("U7"); Footprint = "FP-DD-10-05-08-1699-MFG"; UniqueID = "\FZKXMFJF" ("\FZKXMFJF")
Change component parameters (AddParameter): Name = "Add into BOM"; Value = "yes"; VariantName = "[No Variations]"
Change component parameters (AddParameter): Name = "Channel ID"; Value = ""; VariantName = "[No Variations]"
Change component parameters (AddParameter): Name = "Convert to PCB"; Value = "yes"; VariantName = "[No Variations]"
Change component parameters (AddParameter): Name = "Datasheet"; Value = "https://item.szlcsc.com/datasheet/LT3045IDD%2523PBF/607790.html"; VariantName = "[No Variations]"
Change component parameters (AddParameter): Name = "Device"; Value = "LT3045IDD#PBF"; VariantName = "[No Variations]"
Change component parameters (AddParameter): Name = "Features"; Value = "Short Circuit Protection;Over Current Protection;Reverse Polarity Protection;Over Temperature Protection"; VariantName = "[No Variations]"
Change component parameters (AddParameter): Name = "Group ID"; Value = ""; VariantName = "[No Variations]"
Change component parameters (AddParameter): Name = "JLCPCB Part Class"; Value = "Extended Part"; VariantName = "[No Variations]"
Change component parameters (AddParameter): Name = "LCSC Part Name"; Value = "20V?500mA????????PSRR?????"; VariantName = "[No Variations]"
Change component parameters (AddParameter): Name = "Manufacturer"; Value = "ADI(???)"; VariantName = "[No Variations]"
Change component parameters (AddParameter): Name = "Manufacturer Part"; Value = "LT3045IDD#PBF"; VariantName = "[No Variations]"
Change component parameters (AddParameter): Name = "Noise"; Value = "0.8uVrms"; VariantName = "[No Variations]"
Change component parameters (AddParameter): Name = "Number of Outputs"; Value = "1"; VariantName = "[No Variations]"
Change component parameters (AddParameter): Name = "Operating Temperature"; Value = "-40?~+125?@(Tj)"; VariantName = "[No Variations]"
Change component parameters (AddParameter): Name = "Output Configuration"; Value = "Positive"; VariantName = "[No Variations]"
Change component parameters (AddParameter): Name = "Output Current"; Value = "500mA"; VariantName = "[No Variations]"
Change component parameters (AddParameter): Name = "Output Type"; Value = "Adjustable"; VariantName = "[No Variations]"
Change component parameters (AddParameter): Name = "Output Voltage"; Value = "0V~15V"; VariantName = "[No Variations]"
Change component parameters (AddParameter): Name = "Power Supply Rejection Ratio (PSRR)"; Value = "76dB@(1MHz)"; VariantName = "[No Variations]"
Change component parameters (AddParameter): Name = "Reuse Block"; Value = ""; VariantName = "[No Variations]"
Change component parameters (AddParameter): Name = "standby current"; Value = "2.2mA"; VariantName = "[No Variations]"
Change component parameters (AddParameter): Name = "Supplier"; Value = "LCSC"; VariantName = "[No Variations]"
Change component parameters (AddParameter): Name = "Supplier Footprint"; Value = "DFN-10-EP(3x3)"; VariantName = "[No Variations]"
Change component parameters (AddParameter): Name = "Supplier Part"; Value = "C580013"; VariantName = "[No Variations]"
Change component parameters (AddParameter): Name = "Symbol"; Value = "LT3045IDD#PBF"; VariantName = "[No Variations]"
Change component parameters (AddParameter): Name = "Voltage - Supply"; Value = "20V"; VariantName = "[No Variations]"
Change component parameters (AddParameter): Name = "Voltage Dropout"; Value = "350mV@(500mA)"; VariantName = "[No Variations]"
Change component parameters: Designator = "U8" ("U8"); Footprint = "SOT95P280X145-5N"; UniqueID = "\NUJCTVEY" ("\NUJCTVEY")
Change component parameters (AddParameter): Name = "Check_prices"; Value = "https://www.snapeda.com/parts/TLV75533PDBVR/Texas+Instruments/view-part/?ref=eda"; VariantName = "[No Variations]"
Change component parameters (AddParameter): Name = "MF"; Value = "Texas Instruments"; VariantName = "[No Variations]"
Change component parameters (AddParameter): Name = "MP"; Value = "TLV75533PDBVR"; VariantName = "[No Variations]"
Change component parameters (AddParameter): Name = "Package"; Value = "SOT-23-5 Texas Instruments"; VariantName = "[No Variations]"
Change component parameters (AddParameter): Name = "SnapEDA_Link"; Value = "https://www.snapeda.com/parts/TLV75533PDBVR/Texas+Instruments/view-part/?ref=snap"; VariantName = "[No Variations]"
Change component parameters (AddParameter): Name = "Value"; Value = ""; VariantName = "[No Variations]"
Change component parameters: Designator = "U9" ("U9"); Footprint = "LQFP64-10x10mm"; UniqueID = "\gge6" ("\gge6")
Change component parameters (AddParameter): Name = "ADC (Bit)"; Value = "12bit"; VariantName = "[No Variations]"
Change component parameters (AddParameter): Name = "Add into BOM"; Value = "yes"; VariantName = "[No Variations]"
Change component parameters (AddParameter): Name = "Applications"; Value = "-"; VariantName = "[No Variations]"
Change component parameters (AddParameter): Name = "Channel ID"; Value = ""; VariantName = "[No Variations]"
Change component parameters (AddParameter): Name = "Convert to PCB"; Value = "yes"; VariantName = "[No Variations]"
Change component parameters (AddParameter): Name = "CPU Bit Width"; Value = "32bit"; VariantName = "[No Variations]"
Change component parameters (AddParameter): Name = "CPU Core"; Value = "ARM-M4"; VariantName = "[No Variations]"
Change component parameters (AddParameter): Name = "CPU Maximum Speed"; Value = "180MHz"; VariantName = "[No Variations]"
Change component parameters (AddParameter): Name = "DAC (Bit)"; Value = "12bit"; VariantName = "[No Variations]"
Change component parameters (AddParameter): Name = "Datasheet"; Value = "https://item.szlcsc.com/datasheet/STM32F446RET6/70451.html"; VariantName = "[No Variations]"
Change component parameters (AddParameter): Name = "Device"; Value = "STM32F446RET6"; VariantName = "[No Variations]"
Change component parameters (AddParameter): Name = "Group ID"; Value = ""; VariantName = "[No Variations]"
Change component parameters (AddParameter): Name = "JLCPCB Part Class"; Value = "Extended Part"; VariantName = "[No Variations]"
Change component parameters (AddParameter): Name = "LCSC Part Name"; Value = "MSL=3 ?DSP?FPU????????ARM Cortex-M4 MCU,??512 KB Flash?180 MHz CPU?ART?????QSPI"; VariantName = "[No Variations]"
Change component parameters (AddParameter): Name = "Manufacturer"; Value = "ST(?????)"; VariantName = "[No Variations]"
Change component parameters (AddParameter): Name = "Manufacturer Part"; Value = "STM32F446RET6"; VariantName = "[No Variations]"
Change component parameters (AddParameter): Name = "Number of I/O"; Value = "50"; VariantName = "[No Variations]"
Change component parameters (AddParameter): Name = "Program Memory Type"; Value = "FLASH"; VariantName = "[No Variations]"
Change component parameters (AddParameter): Name = "Program Storage Size"; Value = "512KB"; VariantName = "[No Variations]"
Change component parameters (AddParameter): Name = "Reuse Block"; Value = ""; VariantName = "[No Variations]"
Change component parameters (AddParameter): Name = "Supplier"; Value = "LCSC"; VariantName = "[No Variations]"
Change component parameters (AddParameter): Name = "Supplier Footprint"; Value = "LQFP-64(10x10)"; VariantName = "[No Variations]"
Change component parameters (AddParameter): Name = "Supplier Part"; Value = "C69336"; VariantName = "[No Variations]"
Change component parameters (AddParameter): Name = "Symbol"; Value = "STM32F446RET6"; VariantName = "[No Variations]"
Change component parameters (AddParameter): Name = "Voltage - Supply"; Value = "1.7V~3.6V"; VariantName = "[No Variations]"
Change component parameters: Designator = "U10" ("U10"); Footprint = "IC_OPA1622IDRCR"; UniqueID = "\VIDQVHMM" ("\VIDQVHMM")
Change component parameters (AddParameter): Name = "Check_prices"; Value = "https://www.snapeda.com/parts/OPA1622IDRCR/Texas+Instruments/view-part/?ref=eda"; VariantName = "[No Variations]"
Change component parameters (AddParameter): Name = "MF"; Value = "Texas Instruments"; VariantName = "[No Variations]"
Change component parameters (AddParameter): Name = "MP"; Value = "OPA1622IDRCR"; VariantName = "[No Variations]"
Change component parameters (AddParameter): Name = "Package"; Value = "VSON-10 Texas Instruments"; VariantName = "[No Variations]"
Change component parameters (AddParameter): Name = "SnapEDA_Link"; Value = "https://www.snapeda.com/parts/OPA1622IDRCR/Texas+Instruments/view-part/?ref=snap"; VariantName = "[No Variations]"
Change component parameters (AddParameter): Name = "Value"; Value = ""; VariantName = "[No Variations]"
Change component parameters: Designator = "X1" ("X1"); Footprint = "FP-NX3225SA-MFG"; UniqueID = "\YUJUPJLG" ("\YUJUPJLG")
Change component parameters (AddParameter): Name = "F0"; Value = "25MEG"; VariantName = "[No Variations]"
Change component parameters (AddParameter): Name = "Q"; Value = "50K"; VariantName = "[No Variations]"
Change component parameters (AddParameter): Name = "R"; Value = "50"; VariantName = "[No Variations]"
Change component parameters (AddParameter): Name = "SimulationGenericComponent"; Value = "True"; VariantName = "[No Variations]"
Change Net Name : Old Net Name=NetC14_1 New Net Name=NetC20_1
Change Net Name : Old Net Name=NetC15_1 New Net Name=NetC14_1
Change Net Name : Old Net Name=NetC16_2 New Net Name=NetC15_2
Change Net Name : Old Net Name=NetC17_2 New Net Name=NetC16_2
Change Net Name : Old Net Name=NetC18_2 New Net Name=NetC17_2
Change Net Name : Old Net Name=NetC19_2 New Net Name=NetC18_2
Change Net Name : Old Net Name=NetC22_2 New Net Name=NetC23_2
Change Net Name : Old Net Name=NetC23_1 New Net Name=NetC21_1
Change Net Name : Old Net Name=NetC27_1 New Net Name=NetC28_1
Change Net Name : Old Net Name=NetC27_2 New Net Name=NetC28_2
Change Net Name : Old Net Name=NetC28_1 New Net Name=NetC27_1
Change Net Name : Old Net Name=NetJ2_1 New Net Name=NetJ3_1
Change Net Name : Old Net Name=NetJ2_2 New Net Name=NetJ3_2
Change Net Name : Old Net Name=NetJ2_3 New Net Name=NetJ3_3
Change Net Name : Old Net Name=NetJ2_5 New Net Name=NetJ3_5
Change Net Name : Old Net Name=NetJ2_6 New Net Name=NetJ3_6
Change Net Name : Old Net Name=NetJ3_2 New Net Name=NetJ2_2
Change Net Name : Old Net Name=NetR3_2 New Net Name=NetR4_2
Change Net Name : Old Net Name=NetR4_2 New Net Name=NetR5_2
Change Net Name : Old Net Name=NetR5_2 New Net Name=NetR6_2
Change Net Name : Old Net Name=NetR6_1 New Net Name=NetR7_1
Change Net Name : Old Net Name=NetR7_1 New Net Name=NetR8_1
Change Net Name : Old Net Name=NetR8_2 New Net Name=NetR9_2
Change Net Name : Old Net Name=NetR9_2 New Net Name=NetR10_2
Change Net Name : Old Net Name=NetR10_2 New Net Name=NetR11_2
Change Net Name : Old Net Name=NetR13_2 New Net Name=NetR14_2
Change Net Name : Old Net Name=NetR14_2 New Net Name=NetR15_2
Change Net Name : Old Net Name=NetR15_2 New Net Name=NetR16_2
Change Net Name : Old Net Name=NetR18_2 New Net Name=NetR19_2
Change Net Name : Old Net Name=NetR19_2 New Net Name=NetR20_2
Change Net Name : Old Net Name=NetR20_2 New Net Name=NetR21_2
Change Net Name : Old Net Name=NetR21_1 New Net Name=NetR22_1
Change Net Name : Old Net Name=NetR26_2 New Net Name=NetR28_2
Change Net Name : Old Net Name=NetR29_1 New Net Name=NetR31_1
Change Net Name : Old Net Name=NetR30_1 New Net Name=NetR32_1
Change Net Name : Old Net Name=NetR32_1 New Net Name=NetR34_1
Change Net Name : Old Net Name=NetR35_2 New Net Name=NetR37_2
Change Net Name : Old Net Name=NetR45_1 New Net Name=NetR47_1
Change Net Name : Old Net Name=NetR46_1 New Net Name=NetR48_1
Added Member To Class: ClassName=1_P1 Member=Component U1 BQ24070RHLR
